Experiment,Created,Number of Documents,Silhouette Score,Davies-Bouldin Score,Calinski-Harabasz Score,step,Coherence,Perplexity,RANDOM_SEED,train_data_path,test_data_path,procd_text,extract_sample.fraction,extract_sample.stratify_column,feature_engineering.bow,feature_engineering.tfidf,feature_engineering.ngram,feature_engineering.bert,feature_engineering.bert_pretrained_model,clustering_bert.algorithm,clustering_bert.num_clusters,clustering_bert.eps,clustering_bert.min_samples,topic_modeling.feature,topic_modeling.algorithm,topic_modeling.cluster,topic_modeling.num_topics
gummy-hajj,06:21 AM,32259.0,0.38025081157684326,1.5700676501315132,4833.577081639854,,0.37707639081131605,None,42.0,sample_train,test,lemma_wo_stpwrd,0.2,None,True,True,bigram,True,bert-base-uncased,hierarchical,2.0,0.2,5.0,tfidf,nmf,False,20.0
fussy-clay,06:20 AM,32259.0,0.38025081157684326,1.5700676501315132,4833.577081639854,,0.4075720449382628,None,42.0,sample_train,test,lemma_wo_stpwrd,0.2,None,True,True,bigram,True,bert-base-uncased,hierarchical,2.0,0.2,5.0,tfidf,nmf,False,18.0
sleek-jigs,06:19 AM,32259.0,0.38025081157684326,1.5700676501315132,4833.577081639854,,0.3941704553876426,None,42.0,sample_train,test,lemma_wo_stpwrd,0.2,None,True,True,bigram,True,bert-base-uncased,hierarchical,2.0,0.2,5.0,tfidf,nmf,False,16.0
amiss-data,06:19 AM,32259.0,0.38025081157684326,1.5700676501315132,4833.577081639854,,0.3843887962891886,None,42.0,sample_train,test,lemma_wo_stpwrd,0.2,None,True,True,bigram,True,bert-base-uncased,hierarchical,2.0,0.2,5.0,tfidf,nmf,False,14.0
non-U-jeer,06:17 AM,32259.0,0.38025081157684326,1.5700676501315132,4833.577081639854,,0.3819371725082499,None,42.0,sample_train,test,lemma_wo_stpwrd,0.2,None,True,True,bigram,True,bert-base-uncased,hierarchical,2.0,0.2,5.0,tfidf,nmf,False,12.0
oiled-mays,06:17 AM,32259.0,0.38025081157684326,1.5700676501315132,4833.577081639854,,0.38569273989711383,None,42.0,sample_train,test,lemma_wo_stpwrd,0.2,None,True,True,bigram,True,bert-base-uncased,hierarchical,2.0,0.2,5.0,tfidf,nmf,False,10.0
cushy-cors,06:16 AM,32259.0,0.38025081157684326,1.5700676501315132,4833.577081639854,,0.4102191157291004,None,42.0,sample_train,test,lemma_wo_stpwrd,0.2,None,True,True,bigram,True,bert-base-uncased,hierarchical,2.0,0.2,5.0,tfidf,nmf,False,8.0
wight-math,06:15 AM,32259.0,0.38025081157684326,1.5700676501315132,4833.577081639854,,0.42306334953343067,None,42.0,sample_train,test,lemma_wo_stpwrd,0.2,None,True,True,bigram,True,bert-base-uncased,hierarchical,2.0,0.2,5.0,tfidf,nmf,False,6.0
bendy-leaf,06:15 AM,32259.0,0.38025081157684326,1.5700676501315132,4833.577081639854,,0.39840186877999045,None,42.0,sample_train,test,lemma_wo_stpwrd,0.2,None,True,True,bigram,True,bert-base-uncased,hierarchical,2.0,0.2,5.0,tfidf,nmf,False,4.0
unwed-chin,06:14 AM,32259.0,0.38025081157684326,1.5700676501315132,4833.577081639854,,0.4905291673598128,None,42.0,sample_train,test,lemma_wo_stpwrd,0.2,None,True,True,bigram,True,bert-base-uncased,hierarchical,2.0,0.2,5.0,tfidf,nmf,False,2.0
bardy-yank,06:13 AM,32259.0,0.38025081157684326,1.5700676501315132,4833.577081639854,,0.6076574180092305,-20.572461470686964,42.0,sample_train,test,lemma_wo_stpwrd,0.2,None,True,True,bigram,True,bert-base-uncased,hierarchical,2.0,0.2,5.0,tfidf,lda,False,20.0
amber-toga,06:13 AM,32259.0,0.38025081157684326,1.5700676501315132,4833.577081639854,,0.6064924518221582,-19.55718122264766,42.0,sample_train,test,lemma_wo_stpwrd,0.2,None,True,True,bigram,True,bert-base-uncased,hierarchical,2.0,0.2,5.0,tfidf,lda,False,18.0
sedgy-rick,06:13 AM,32259.0,0.38025081157684326,1.5700676501315132,4833.577081639854,,0.6327161353791932,-18.489108953388754,42.0,sample_train,test,lemma_wo_stpwrd,0.2,None,True,True,bigram,True,bert-base-uncased,hierarchical,2.0,0.2,5.0,tfidf,lda,False,16.0
gaunt-agas,06:12 AM,32259.0,0.38025081157684326,1.5700676501315132,4833.577081639854,,0.5993451341075708,-17.492851088384715,42.0,sample_train,test,lemma_wo_stpwrd,0.2,None,True,True,bigram,True,bert-base-uncased,hierarchical,2.0,0.2,5.0,tfidf,lda,False,14.0
grapy-vine,06:11 AM,32259.0,0.38025081157684326,1.5700676501315132,4833.577081639854,,0.5845030588759202,-16.380387337174742,42.0,sample_train,test,lemma_wo_stpwrd,0.2,None,True,True,bigram,True,bert-base-uncased,hierarchical,2.0,0.2,5.0,tfidf,lda,False,12.0
shoal-cogs,06:11 AM,32259.0,0.38025081157684326,1.5700676501315132,4833.577081639854,,0.608440442281494,-15.111318259332942,42.0,sample_train,test,lemma_wo_stpwrd,0.2,None,True,True,bigram,True,bert-base-uncased,hierarchical,2.0,0.2,5.0,tfidf,lda,False,10.0
vocal-poof,06:10 AM,32259.0,0.38025081157684326,1.5700676501315132,4833.577081639854,,0.6071301764662722,-13.545109009282376,42.0,sample_train,test,lemma_wo_stpwrd,0.2,None,True,True,bigram,True,bert-base-uncased,hierarchical,2.0,0.2,5.0,tfidf,lda,False,8.0
glare-meal,06:10 AM,32259.0,0.38025081157684326,1.5700676501315132,4833.577081639854,,0.6035963900709461,-12.420128466651276,42.0,sample_train,test,lemma_wo_stpwrd,0.2,None,True,True,bigram,True,bert-base-uncased,hierarchical,2.0,0.2,5.0,tfidf,lda,False,6.0
prosy-scow,06:09 AM,32259.0,0.38025081157684326,1.5700676501315132,4833.577081639854,,0.477145974614553,-11.710700249730186,42.0,sample_train,test,lemma_wo_stpwrd,0.2,None,True,True,bigram,True,bert-base-uncased,hierarchical,2.0,0.2,5.0,tfidf,lda,False,4.0
dirty-dunk,06:08 AM,32259.0,0.38025081157684326,1.5700676501315132,4833.577081639854,,0.46658568471313516,-11.052261508876892,42.0,sample_train,test,lemma_wo_stpwrd,0.2,None,True,True,bigram,True,bert-base-uncased,hierarchical,2.0,0.2,5.0,tfidf,lda,False,2.0
short-cigs,06:08 AM,32259.0,0.38025081157684326,1.5700676501315132,4833.577081639854,,0.42401724818655817,None,42.0,sample_train,test,lemma_wo_stpwrd,0.2,None,True,True,bigram,True,bert-base-uncased,hierarchical,2.0,0.2,5.0,bow,nmf,False,20.0
empty-owls,06:07 AM,32259.0,0.38025081157684326,1.5700676501315132,4833.577081639854,,0.4360547253483598,None,42.0,sample_train,test,lemma_wo_stpwrd,0.2,None,True,True,bigram,True,bert-base-uncased,hierarchical,2.0,0.2,5.0,bow,nmf,False,18.0
bluer-yews,06:06 AM,32259.0,0.38025081157684326,1.5700676501315132,4833.577081639854,,0.43261797394854695,None,42.0,sample_train,test,lemma_wo_stpwrd,0.2,None,True,True,bigram,True,bert-base-uncased,hierarchical,2.0,0.2,5.0,bow,nmf,False,16.0
hasty-farm,06:06 AM,32259.0,0.38025081157684326,1.5700676501315132,4833.577081639854,,0.4454952484670279,None,42.0,sample_train,test,lemma_wo_stpwrd,0.2,None,True,True,bigram,True,bert-base-uncased,hierarchical,2.0,0.2,5.0,bow,nmf,False,14.0
model-halm,06:05 AM,32259.0,0.38025081157684326,1.5700676501315132,4833.577081639854,,0.44865342696070387,None,42.0,sample_train,test,lemma_wo_stpwrd,0.2,None,True,True,bigram,True,bert-base-uncased,hierarchical,2.0,0.2,5.0,bow,nmf,False,12.0
weeny-hems,06:04 AM,32259.0,0.38025081157684326,1.5700676501315132,4833.577081639854,,0.4618416075621206,None,42.0,sample_train,test,lemma_wo_stpwrd,0.2,None,True,True,bigram,True,bert-base-uncased,hierarchical,2.0,0.2,5.0,bow,nmf,False,10.0
shoal-gaur,06:03 AM,32259.0,0.38025081157684326,1.5700676501315132,4833.577081639854,,0.4627042557641382,None,42.0,sample_train,test,lemma_wo_stpwrd,0.2,None,True,True,bigram,True,bert-base-uncased,hierarchical,2.0,0.2,5.0,bow,nmf,False,8.0
party-jots,06:03 AM,32259.0,0.38025081157684326,1.5700676501315132,4833.577081639854,,0.4588925598689923,None,42.0,sample_train,test,lemma_wo_stpwrd,0.2,None,True,True,bigram,True,bert-base-uncased,hierarchical,2.0,0.2,5.0,bow,nmf,False,6.0
found-keep,06:02 AM,32259.0,0.38025081157684326,1.5700676501315132,4833.577081639854,,0.45168184510641607,None,42.0,sample_train,test,lemma_wo_stpwrd,0.2,None,True,True,bigram,True,bert-base-uncased,hierarchical,2.0,0.2,5.0,bow,nmf,False,4.0
empty-code,06:02 AM,32259.0,0.38025081157684326,1.5700676501315132,4833.577081639854,,0.4754230324428138,None,42.0,sample_train,test,lemma_wo_stpwrd,0.2,None,True,True,bigram,True,bert-base-uncased,hierarchical,2.0,0.2,5.0,bow,nmf,False,2.0
lower-wire,06:01 AM,32259.0,0.38025081157684326,1.5700676501315132,4833.577081639854,,0.41857820316352534,-14.391042468468974,42.0,sample_train,test,lemma_wo_stpwrd,0.2,None,True,True,bigram,True,bert-base-uncased,hierarchical,2.0,0.2,5.0,bow,lda,False,20.0
weird-fuzz,06:00 AM,32259.0,0.38025081157684326,1.5700676501315132,4833.577081639854,,0.4173350500196046,-13.882440570873111,42.0,sample_train,test,lemma_wo_stpwrd,0.2,None,True,True,bigram,True,bert-base-uncased,hierarchical,2.0,0.2,5.0,bow,lda,False,18.0
arced-cane,06:00 AM,32259.0,0.38025081157684326,1.5700676501315132,4833.577081639854,,0.4422563804612601,-13.374778723559352,42.0,sample_train,test,lemma_wo_stpwrd,0.2,None,True,True,bigram,True,bert-base-uncased,hierarchical,2.0,0.2,5.0,bow,lda,False,16.0
mirky-beep,05:59 AM,32259.0,0.38025081157684326,1.5700676501315132,4833.577081639854,,0.4332504733817464,-12.857757543306882,42.0,sample_train,test,lemma_wo_stpwrd,0.2,None,True,True,bigram,True,bert-base-uncased,hierarchical,2.0,0.2,5.0,bow,lda,False,14.0
awful-tods,05:59 AM,32259.0,0.38025081157684326,1.5700676501315132,4833.577081639854,,0.45697846704040596,-12.31576448625774,42.0,sample_train,test,lemma_wo_stpwrd,0.2,None,True,True,bigram,True,bert-base-uncased,hierarchical,2.0,0.2,5.0,bow,lda,False,12.0
typed-huck,05:58 AM,32259.0,0.38025081157684326,1.5700676501315132,4833.577081639854,,0.4519237058438925,-11.39326552776252,42.0,sample_train,test,lemma_wo_stpwrd,0.2,None,True,True,bigram,True,bert-base-uncased,hierarchical,2.0,0.2,5.0,bow,lda,False,10.0
bosom-morn,05:58 AM,32259.0,0.38025081157684326,1.5700676501315132,4833.577081639854,,0.4282343995383656,-10.492718419850378,42.0,sample_train,test,lemma_wo_stpwrd,0.2,None,True,True,bigram,True,bert-base-uncased,hierarchical,2.0,0.2,5.0,bow,lda,False,8.0
lurid-suit,05:57 AM,32259.0,0.38025081157684326,1.5700676501315132,4833.577081639854,,0.4379022870833192,-9.925400990181332,42.0,sample_train,test,lemma_wo_stpwrd,0.2,None,True,True,bigram,True,bert-base-uncased,hierarchical,2.0,0.2,5.0,bow,lda,False,6.0
elite-loot,05:56 AM,32259.0,0.38025081157684326,1.5700676501315132,4833.577081639854,,0.4564492124518666,-9.647902948743011,42.0,sample_train,test,lemma_wo_stpwrd,0.2,None,True,True,bigram,True,bert-base-uncased,hierarchical,2.0,0.2,5.0,bow,lda,False,4.0
atrip-loft,05:56 AM,32259.0,0.019162125885486603,3.465213958461889,2320.67089735979,,0.38561108268633915,None,42.0,sample_train,test,lemma_wo_stpwrd,0.2,None,True,True,bigram,True,bert-base-uncased,hierarchical,5.0,0.2,5.0,tfidf,nmf,True,10.0
busty-doek,05:55 AM,32259.0,0.019162125885486603,3.465213958461889,2320.67089735979,,0.3826897058914402,None,42.0,sample_train,test,lemma_wo_stpwrd,0.2,None,True,True,bigram,True,bert-base-uncased,hierarchical,5.0,0.2,5.0,tfidf,nmf,True,8.0
world-suqs,05:54 AM,32259.0,0.38025081157684326,1.5700676501315132,4833.577081639854,,0.46349852191987384,-9.451830539983654,42.0,sample_train,test,lemma_wo_stpwrd,0.2,None,True,True,bigram,True,bert-base-uncased,hierarchical,2.0,0.2,5.0,bow,lda,False,2.0
cronk-expo,05:52 AM,32259.0,0.019162125885486603,3.465213958461889,2320.67089735979,,0.38332722389561746,None,42.0,sample_train,test,lemma_wo_stpwrd,0.2,None,True,True,bigram,True,bert-base-uncased,hierarchical,5.0,0.2,5.0,tfidf,nmf,True,6.0
glary-dabs,05:45 AM,32259.0,0.019162125885486603,3.465213958461889,2320.67089735979,,0.38202108334372037,None,42.0,sample_train,test,lemma_wo_stpwrd,0.2,None,True,True,bigram,True,bert-base-uncased,hierarchical,5.0,0.2,5.0,tfidf,nmf,True,4.0
aroid-maya,05:45 AM,32259.0,0.019162125885486603,3.465213958461889,2320.67089735979,,0.4130965957528508,None,42.0,sample_train,test,lemma_wo_stpwrd,0.2,None,True,True,bigram,True,bert-base-uncased,hierarchical,5.0,0.2,5.0,tfidf,nmf,True,2.0
loamy-heir,05:42 AM,32259.0,0.019162125885486603,3.465213958461889,2320.67089735979,,0.5007953103932837,-15.12591472489512,42.0,sample_train,test,lemma_wo_stpwrd,0.2,None,True,True,bigram,True,bert-base-uncased,hierarchical,5.0,0.2,5.0,tfidf,lda,True,10.0
gaunt-moms,05:36 AM,32259.0,0.019162125885486603,3.465213958461889,2320.67089735979,,0.47582359703387606,-14.055908928785062,42.0,sample_train,test,lemma_wo_stpwrd,0.2,None,True,True,bigram,True,bert-base-uncased,hierarchical,5.0,0.2,5.0,tfidf,lda,True,8.0
deism-pice,05:36 AM,32259.0,0.019162125885486603,3.465213958461889,2320.67089735979,,0.4343403169866705,-13.10746209814862,42.0,sample_train,test,lemma_wo_stpwrd,0.2,None,True,True,bigram,True,bert-base-uncased,hierarchical,5.0,0.2,5.0,tfidf,lda,True,6.0
leady-pall,05:34 AM,32259.0,0.019162125885486603,3.465213958461889,2320.67089735979,,0.42689413482441685,-12.402861697874421,42.0,sample_train,test,lemma_wo_stpwrd,0.2,None,True,True,bigram,True,bert-base-uncased,hierarchical,5.0,0.2,5.0,tfidf,lda,True,4.0
forky-meal,05:27 AM,32259.0,0.019162125885486603,3.465213958461889,2320.67089735979,,0.37850365912731804,-11.609522887253826,42.0,sample_train,test,lemma_wo_stpwrd,0.2,None,True,True,bigram,True,bert-base-uncased,hierarchical,5.0,0.2,5.0,tfidf,lda,True,2.0
fleet-sups,05:27 AM,32259.0,0.019162125885486603,3.465213958461889,2320.67089735979,,0.3775996515293085,None,42.0,sample_train,test,lemma_wo_stpwrd,0.2,None,True,True,bigram,True,bert-base-uncased,hierarchical,5.0,0.2,5.0,bow,nmf,True,10.0
eight-wire,05:26 AM,32259.0,0.019162125885486603,3.465213958461889,2320.67089735979,,0.39734730792050804,None,42.0,sample_train,test,lemma_wo_stpwrd,0.2,None,True,True,bigram,True,bert-base-uncased,hierarchical,5.0,0.2,5.0,bow,nmf,True,8.0
livid-boot,05:18 AM,32259.0,0.019162125885486603,3.465213958461889,2320.67089735979,,0.4008532493713579,None,42.0,sample_train,test,lemma_wo_stpwrd,0.2,None,True,True,bigram,True,bert-base-uncased,hierarchical,5.0,0.2,5.0,bow,nmf,True,6.0
toxic-pans,05:17 AM,32259.0,0.019162125885486603,3.465213958461889,2320.67089735979,,0.41209102134338577,None,42.0,sample_train,test,lemma_wo_stpwrd,0.2,None,True,True,bigram,True,bert-base-uncased,hierarchical,5.0,0.2,5.0,bow,nmf,True,4.0
zonal-flus,05:15 AM,32259.0,0.019162125885486603,3.465213958461889,2320.67089735979,,0.4433880399687588,None,42.0,sample_train,test,lemma_wo_stpwrd,0.2,None,True,True,bigram,True,bert-base-uncased,hierarchical,5.0,0.2,5.0,bow,nmf,True,2.0
liney-bats,05:08 AM,32259.0,0.019162125885486603,3.465213958461889,2320.67089735979,,0.39078158968007604,-11.184277764882598,42.0,sample_train,test,lemma_wo_stpwrd,0.2,None,True,True,bigram,True,bert-base-uncased,hierarchical,5.0,0.2,5.0,bow,lda,True,10.0
aloof-weys,05:07 AM,32259.0,0.019162125885486603,3.465213958461889,2320.67089735979,,0.386722528540722,-10.611817931198026,42.0,sample_train,test,lemma_wo_stpwrd,0.2,None,True,True,bigram,True,bert-base-uncased,hierarchical,5.0,0.2,5.0,bow,lda,True,8.0
duple-tads,05:06 AM,32259.0,0.019162125885486603,3.465213958461889,2320.67089735979,,0.385366814769348,-10.234844857036865,42.0,sample_train,test,lemma_wo_stpwrd,0.2,None,True,True,bigram,True,bert-base-uncased,hierarchical,5.0,0.2,5.0,bow,lda,True,6.0
basal-ruby,05:00 AM,32259.0,0.019162125885486603,3.465213958461889,2320.67089735979,,0.3982419134299456,-10.04110308820716,42.0,sample_train,test,lemma_wo_stpwrd,0.2,None,True,True,bigram,True,bert-base-uncased,hierarchical,5.0,0.2,5.0,bow,lda,True,4.0
flown-suit,04:59 AM,32259.0,0.019162125885486603,3.465213958461889,2320.67089735979,,0.3930864841736022,-9.846847123188374,42.0,sample_train,test,lemma_wo_stpwrd,0.2,None,True,True,bigram,True,bert-base-uncased,hierarchical,5.0,0.2,5.0,bow,lda,True,2.0
gruff-cart,04:58 AM,32259.0,0.04296764358878136,3.45393118107604,2768.048420781438,,0.40064828594054736,None,42.0,sample_train,test,lemma_wo_stpwrd,0.2,None,True,True,bigram,True,bert-base-uncased,hierarchical,4.0,0.2,5.0,tfidf,nmf,True,10.0
natal-eyry,04:51 AM,32259.0,0.04296764358878136,3.45393118107604,2768.048420781438,,0.39721839717393503,None,42.0,sample_train,test,lemma_wo_stpwrd,0.2,None,True,True,bigram,True,bert-base-uncased,hierarchical,4.0,0.2,5.0,tfidf,nmf,True,8.0
famed-ices,04:50 AM,32259.0,0.04296764358878136,3.45393118107604,2768.048420781438,,0.39133563488448664,None,42.0,sample_train,test,lemma_wo_stpwrd,0.2,None,True,True,bigram,True,bert-base-uncased,hierarchical,4.0,0.2,5.0,tfidf,nmf,True,6.0
undue-newt,04:49 AM,32259.0,0.04296764358878136,3.45393118107604,2768.048420781438,,0.3974083719849072,None,42.0,sample_train,test,lemma_wo_stpwrd,0.2,None,True,True,bigram,True,bert-base-uncased,hierarchical,4.0,0.2,5.0,tfidf,nmf,True,4.0
tippy-pita,04:42 AM,32259.0,0.04296764358878136,3.45393118107604,2768.048420781438,,0.4371511340655207,None,42.0,sample_train,test,lemma_wo_stpwrd,0.2,None,True,True,bigram,True,bert-base-uncased,hierarchical,4.0,0.2,5.0,tfidf,nmf,True,2.0
aging-dogs,04:40 AM,32259.0,0.04296764358878136,3.45393118107604,2768.048420781438,,0.5625347139944056,-15.103164158857393,42.0,sample_train,test,lemma_wo_stpwrd,0.2,None,True,True,bigram,True,bert-base-uncased,hierarchical,4.0,0.2,5.0,tfidf,lda,True,10.0
handy-wool,04:40 AM,32259.0,0.04296764358878136,3.45393118107604,2768.048420781438,,0.5531363893760517,-13.97288883430238,42.0,sample_train,test,lemma_wo_stpwrd,0.2,None,True,True,bigram,True,bert-base-uncased,hierarchical,4.0,0.2,5.0,tfidf,lda,True,8.0
messy-lame,04:33 AM,32259.0,0.04296764358878136,3.45393118107604,2768.048420781438,,0.4765559695060101,-13.076349328959854,42.0,sample_train,test,lemma_wo_stpwrd,0.2,None,True,True,bigram,True,bert-base-uncased,hierarchical,4.0,0.2,5.0,tfidf,lda,True,6.0
tarot-bosk,04:32 AM,32259.0,0.04296764358878136,3.45393118107604,2768.048420781438,,0.46079108537860447,-12.372431116801451,42.0,sample_train,test,lemma_wo_stpwrd,0.2,None,True,True,bigram,True,bert-base-uncased,hierarchical,4.0,0.2,5.0,tfidf,lda,True,4.0
newsy-cats,04:32 AM,32259.0,0.04296764358878136,3.45393118107604,2768.048420781438,,0.3889780950847583,-11.586422807940043,42.0,sample_train,test,lemma_wo_stpwrd,0.2,None,True,True,bigram,True,bert-base-uncased,hierarchical,4.0,0.2,5.0,tfidf,lda,True,2.0
doped-many,04:25 AM,32259.0,0.04296764358878136,3.45393118107604,2768.048420781438,,0.38714950290465094,None,42.0,sample_train,test,lemma_wo_stpwrd,0.2,None,True,True,bigram,True,bert-base-uncased,hierarchical,4.0,0.2,5.0,bow,nmf,True,10.0
unapt-navy,04:24 AM,32259.0,0.04296764358878136,3.45393118107604,2768.048420781438,,0.40691485710633246,None,42.0,sample_train,test,lemma_wo_stpwrd,0.2,None,True,True,bigram,True,bert-base-uncased,hierarchical,4.0,0.2,5.0,bow,nmf,True,8.0
gauge-horn,04:24 AM,32259.0,0.04296764358878136,3.45393118107604,2768.048420781438,,0.4064905697227717,None,42.0,sample_train,test,lemma_wo_stpwrd,0.2,None,True,True,bigram,True,bert-base-uncased,hierarchical,4.0,0.2,5.0,bow,nmf,True,6.0
hoven-tamp,04:16 AM,32259.0,0.04296764358878136,3.45393118107604,2768.048420781438,,0.4205380144809694,None,42.0,sample_train,test,lemma_wo_stpwrd,0.2,None,True,True,bigram,True,bert-base-uncased,hierarchical,4.0,0.2,5.0,bow,nmf,True,4.0
ebony-whap,04:15 AM,32259.0,0.04296764358878136,3.45393118107604,2768.048420781438,,0.4623131460460653,None,42.0,sample_train,test,lemma_wo_stpwrd,0.2,None,True,True,bigram,True,bert-base-uncased,hierarchical,4.0,0.2,5.0,bow,nmf,True,2.0
loamy-crag,04:14 AM,32259.0,0.04296764358878136,3.45393118107604,2768.048420781438,,0.4071171340259978,-11.192483044900474,42.0,sample_train,test,lemma_wo_stpwrd,0.2,None,True,True,bigram,True,bert-base-uncased,hierarchical,4.0,0.2,5.0,bow,lda,True,10.0
beige-weys,04:07 AM,32259.0,0.04296764358878136,3.45393118107604,2768.048420781438,,0.3975840247957588,-10.617811492231352,42.0,sample_train,test,lemma_wo_stpwrd,0.2,None,True,True,bigram,True,bert-base-uncased,hierarchical,4.0,0.2,5.0,bow,lda,True,8.0
laigh-expo,04:07 AM,32259.0,0.04296764358878136,3.45393118107604,2768.048420781438,,0.39485310686077957,-10.23656715013066,42.0,sample_train,test,lemma_wo_stpwrd,0.2,None,True,True,bigram,True,bert-base-uncased,hierarchical,4.0,0.2,5.0,bow,lda,True,6.0
farci-hask,04:06 AM,32259.0,0.04296764358878136,3.45393118107604,2768.048420781438,,0.408016859295932,-10.034841749228509,42.0,sample_train,test,lemma_wo_stpwrd,0.2,None,True,True,bigram,True,bert-base-uncased,hierarchical,4.0,0.2,5.0,bow,lda,True,4.0
brief-mere,03:59 AM,32259.0,0.04296764358878136,3.45393118107604,2768.048420781438,,0.40361316870284064,-9.833947432678663,42.0,sample_train,test,lemma_wo_stpwrd,0.2,None,True,True,bigram,True,bert-base-uncased,hierarchical,4.0,0.2,5.0,bow,lda,True,2.0
dying-dirk,03:59 AM,32259.0,0.05833610147237778,2.759840958317131,3539.6033136076812,,0.43874016453183845,None,42.0,sample_train,test,lemma_wo_stpwrd,0.2,None,True,True,bigram,True,bert-base-uncased,hierarchical,3.0,0.2,5.0,tfidf,nmf,True,10.0
dorty-slew,03:58 AM,32259.0,0.05833610147237778,2.759840958317131,3539.6033136076812,,0.4213342795610246,None,42.0,sample_train,test,lemma_wo_stpwrd,0.2,None,True,True,bigram,True,bert-base-uncased,hierarchical,3.0,0.2,5.0,tfidf,nmf,True,8.0
crumb-bark,03:50 AM,32259.0,0.05833610147237778,2.759840958317131,3539.6033136076812,,0.4059731343885973,None,42.0,sample_train,test,lemma_wo_stpwrd,0.2,None,True,True,bigram,True,bert-base-uncased,hierarchical,3.0,0.2,5.0,tfidf,nmf,True,6.0
upset-ibex,03:50 AM,32259.0,0.05833610147237778,2.759840958317131,3539.6033136076812,,0.3977751020178977,None,42.0,sample_train,test,lemma_wo_stpwrd,0.2,None,True,True,bigram,True,bert-base-uncased,hierarchical,3.0,0.2,5.0,tfidf,nmf,True,4.0
techy-gape,03:49 AM,32259.0,0.05833610147237778,2.759840958317131,3539.6033136076812,,0.4439194880344432,None,42.0,sample_train,test,lemma_wo_stpwrd,0.2,None,True,True,bigram,True,bert-base-uncased,hierarchical,3.0,0.2,5.0,tfidf,nmf,True,2.0
abuzz-life,03:42 AM,32259.0,0.05833610147237778,2.759840958317131,3539.6033136076812,,0.5886585158669065,-14.9663333226573,42.0,sample_train,test,lemma_wo_stpwrd,0.2,None,True,True,bigram,True,bert-base-uncased,hierarchical,3.0,0.2,5.0,tfidf,lda,True,10.0
varus-flew,03:41 AM,32259.0,0.05833610147237778,2.759840958317131,3539.6033136076812,,0.5559071372943928,-13.729033345328595,42.0,sample_train,test,lemma_wo_stpwrd,0.2,None,True,True,bigram,True,bert-base-uncased,hierarchical,3.0,0.2,5.0,tfidf,lda,True,8.0
uncut-bias,03:41 AM,32259.0,0.05833610147237778,2.759840958317131,3539.6033136076812,,0.4789358428029096,-12.836425766732615,42.0,sample_train,test,lemma_wo_stpwrd,0.2,None,True,True,bigram,True,bert-base-uncased,hierarchical,3.0,0.2,5.0,tfidf,lda,True,6.0
proxy-dunt,03:34 AM,32259.0,0.05833610147237778,2.759840958317131,3539.6033136076812,,0.4430062106809631,-12.169406858107294,42.0,sample_train,test,lemma_wo_stpwrd,0.2,None,True,True,bigram,True,bert-base-uncased,hierarchical,3.0,0.2,5.0,tfidf,lda,True,4.0
unwed-acid,03:33 AM,32259.0,0.05833610147237778,2.759840958317131,3539.6033136076812,,0.37727068111629675,-11.420963451536958,42.0,sample_train,test,lemma_wo_stpwrd,0.2,None,True,True,bigram,True,bert-base-uncased,hierarchical,3.0,0.2,5.0,tfidf,lda,True,2.0
laced-tuts,03:33 AM,32259.0,0.05833610147237778,2.759840958317131,3539.6033136076812,,0.39588855317303845,None,42.0,sample_train,test,lemma_wo_stpwrd,0.2,None,True,True,bigram,True,bert-base-uncased,hierarchical,3.0,0.2,5.0,bow,nmf,True,10.0
fuzzy-sinh,03:26 AM,32259.0,0.05833610147237778,2.759840958317131,3539.6033136076812,,0.4109892581775121,None,42.0,sample_train,test,lemma_wo_stpwrd,0.2,None,True,True,bigram,True,bert-base-uncased,hierarchical,3.0,0.2,5.0,bow,nmf,True,8.0
tined-scup,03:25 AM,32259.0,0.05833610147237778,2.759840958317131,3539.6033136076812,,0.40481652223447134,None,42.0,sample_train,test,lemma_wo_stpwrd,0.2,None,True,True,bigram,True,bert-base-uncased,hierarchical,3.0,0.2,5.0,bow,nmf,True,6.0
mural-cyst,03:25 AM,32259.0,0.05833610147237778,2.759840958317131,3539.6033136076812,,0.4281956665373332,None,42.0,sample_train,test,lemma_wo_stpwrd,0.2,None,True,True,bigram,True,bert-base-uncased,hierarchical,3.0,0.2,5.0,bow,nmf,True,4.0
hooly-meed,03:18 AM,32259.0,0.05833610147237778,2.759840958317131,3539.6033136076812,,0.4734080572877046,None,42.0,sample_train,test,lemma_wo_stpwrd,0.2,None,True,True,bigram,True,bert-base-uncased,hierarchical,3.0,0.2,5.0,bow,nmf,True,2.0
cross-leak,03:17 AM,32259.0,0.05833610147237778,2.759840958317131,3539.6033136076812,,0.4033192292537106,-11.184265349326408,42.0,sample_train,test,lemma_wo_stpwrd,0.2,None,True,True,bigram,True,bert-base-uncased,hierarchical,3.0,0.2,5.0,bow,lda,True,10.0
adust-cuss,03:17 AM,32259.0,0.05833610147237778,2.759840958317131,3539.6033136076812,,0.3892876154776514,-10.523857293441024,42.0,sample_train,test,lemma_wo_stpwrd,0.2,None,True,True,bigram,True,bert-base-uncased,hierarchical,3.0,0.2,5.0,bow,lda,True,8.0
staid-tole,03:10 AM,32259.0,0.05833610147237778,2.759840958317131,3539.6033136076812,,0.3965127136224212,-10.126149726239392,42.0,sample_train,test,lemma_wo_stpwrd,0.2,None,True,True,bigram,True,bert-base-uncased,hierarchical,3.0,0.2,5.0,bow,lda,True,6.0
adunc-dolt,03:09 AM,32259.0,0.05833610147237778,2.759840958317131,3539.6033136076812,,0.4086720012422073,-9.930839419174712,42.0,sample_train,test,lemma_wo_stpwrd,0.2,None,True,True,bigram,True,bert-base-uncased,hierarchical,3.0,0.2,5.0,bow,lda,True,4.0
tasty-gude,03:09 AM,32259.0,0.05833610147237778,2.759840958317131,3539.6033136076812,,0.40892789047269457,-9.728082795567648,42.0,sample_train,test,lemma_wo_stpwrd,0.2,None,True,True,bigram,True,bert-base-uncased,hierarchical,3.0,0.2,5.0,bow,lda,True,2.0
fluid-sled,03:02 AM,32259.0,0.38025081157684326,1.5700676501315132,4833.577081639854,,0.47833230773888363,None,42.0,sample_train,test,lemma_wo_stpwrd,0.2,None,True,True,bigram,True,bert-base-uncased,hierarchical,2.0,0.2,5.0,tfidf,nmf,True,10.0
tiled-foil,03:02 AM,32259.0,0.38025081157684326,1.5700676501315132,4833.577081639854,,0.46963871528848045,None,42.0,sample_train,test,lemma_wo_stpwrd,0.2,None,True,True,bigram,True,bert-base-uncased,hierarchical,2.0,0.2,5.0,tfidf,nmf,True,8.0
slier-tosh,03:01 AM,32259.0,0.38025081157684326,1.5700676501315132,4833.577081639854,,0.4263631229969309,None,42.0,sample_train,test,lemma_wo_stpwrd,0.2,None,True,True,bigram,True,bert-base-uncased,hierarchical,2.0,0.2,5.0,tfidf,nmf,True,6.0
olden-raps,03:00 AM,32259.0,0.38025081157684326,1.5700676501315132,4833.577081639854,,0.42364001337217694,None,42.0,sample_train,test,lemma_wo_stpwrd,0.2,None,True,True,bigram,True,bert-base-uncased,hierarchical,2.0,0.2,5.0,tfidf,nmf,True,4.0
murky-food,02:59 AM,32259.0,0.38025081157684326,1.5700676501315132,4833.577081639854,,0.4420568318706827,None,42.0,sample_train,test,lemma_wo_stpwrd,0.2,None,True,True,bigram,True,bert-base-uncased,hierarchical,2.0,0.2,5.0,tfidf,nmf,True,2.0
adust-lush,02:58 AM,32259.0,0.38025081157684326,1.5700676501315132,4833.577081639854,,0.5934825883679818,-14.693666270577488,42.0,sample_train,test,lemma_wo_stpwrd,0.2,None,True,True,bigram,True,bert-base-uncased,hierarchical,2.0,0.2,5.0,tfidf,lda,True,10.0
mazed-vacs,02:57 AM,32259.0,0.38025081157684326,1.5700676501315132,4833.577081639854,,0.5059548496498467,-12.663123390015217,42.0,sample_train,test,lemma_wo_stpwrd,0.2,None,True,True,bigram,True,bert-base-uncased,hierarchical,2.0,0.2,5.0,tfidf,lda,True,6.0
sable-wont,02:57 AM,32259.0,0.38025081157684326,1.5700676501315132,4833.577081639854,,0.4769389496397052,-12.050892603296912,42.0,sample_train,test,lemma_wo_stpwrd,0.2,None,True,True,bigram,True,bert-base-uncased,hierarchical,2.0,0.2,5.0,tfidf,lda,True,4.0
rocky-kick,02:56 AM,32259.0,0.38025081157684326,1.5700676501315132,4833.577081639854,,0.5589750840338729,-13.55605097395252,42.0,sample_train,test,lemma_wo_stpwrd,0.2,None,True,True,bigram,True,bert-base-uncased,hierarchical,2.0,0.2,5.0,tfidf,lda,True,8.0
vatic-bate,02:56 AM,32259.0,0.38025081157684326,1.5700676501315132,4833.577081639854,,0.3828858303727892,-11.334497610397808,42.0,sample_train,test,lemma_wo_stpwrd,0.2,None,True,True,bigram,True,bert-base-uncased,hierarchical,2.0,0.2,5.0,tfidf,lda,True,2.0
lowly-wino,02:55 AM,32259.0,0.38025081157684326,1.5700676501315132,4833.577081639854,,0.4154339142052531,None,42.0,sample_train,test,lemma_wo_stpwrd,0.2,None,True,True,bigram,True,bert-base-uncased,hierarchical,2.0,0.2,5.0,bow,nmf,True,10.0
tonal-chow,02:55 AM,32259.0,0.38025081157684326,1.5700676501315132,4833.577081639854,,0.4310836780797471,None,42.0,sample_train,test,lemma_wo_stpwrd,0.2,None,True,True,bigram,True,bert-base-uncased,hierarchical,2.0,0.2,5.0,bow,nmf,True,8.0
larky-noma,02:53 AM,32259.0,0.38025081157684326,1.5700676501315132,4833.577081639854,,0.41721635435624554,None,42.0,sample_train,test,lemma_wo_stpwrd,0.2,None,True,True,bigram,True,bert-base-uncased,hierarchical,2.0,0.2,5.0,bow,nmf,True,6.0
blown-rube,02:53 AM,32259.0,0.38025081157684326,1.5700676501315132,4833.577081639854,,0.4517159162595014,None,42.0,sample_train,test,lemma_wo_stpwrd,0.2,None,True,True,bigram,True,bert-base-uncased,hierarchical,2.0,0.2,5.0,bow,nmf,True,4.0
glued-flus,02:52 AM,32259.0,0.38025081157684326,1.5700676501315132,4833.577081639854,,0.4979870373050264,None,42.0,sample_train,test,lemma_wo_stpwrd,0.2,None,True,True,bigram,True,bert-base-uncased,hierarchical,2.0,0.2,5.0,bow,nmf,True,2.0
kaput-rite,02:51 AM,32259.0,0.38025081157684326,1.5700676501315132,4833.577081639854,,0.42199108585198947,-11.108325083213792,42.0,sample_train,test,lemma_wo_stpwrd,0.2,None,True,True,bigram,True,bert-base-uncased,hierarchical,2.0,0.2,5.0,bow,lda,True,10.0
cynic-beak,02:50 AM,32259.0,0.38025081157684326,1.5700676501315132,4833.577081639854,,0.4003542471656337,-10.496565160890306,42.0,sample_train,test,lemma_wo_stpwrd,0.2,None,True,True,bigram,True,bert-base-uncased,hierarchical,2.0,0.2,5.0,bow,lda,True,8.0
mossy-bade,02:50 AM,32259.0,0.38025081157684326,1.5700676501315132,4833.577081639854,,0.4080142492872203,-10.118947945444555,42.0,sample_train,test,lemma_wo_stpwrd,0.2,None,True,True,bigram,True,bert-base-uncased,hierarchical,2.0,0.2,5.0,bow,lda,True,6.0
final-keek,02:49 AM,32259.0,0.38025081157684326,1.5700676501315132,4833.577081639854,,0.42167170977864155,-9.934032388221638,42.0,sample_train,test,lemma_wo_stpwrd,0.2,None,True,True,bigram,True,bert-base-uncased,hierarchical,2.0,0.2,5.0,bow,lda,True,4.0
lyric-stir,02:48 AM,32259.0,0.03444061428308487,3.1377328172539682,2517.315457361741,,0.4039531834204463,None,42.0,sample_train,test,lemma_wo_stpwrd,0.2,None,True,True,bigram,True,bert-base-uncased,kmeans,5.0,0.2,5.0,tfidf,nmf,True,10.0
muzzy-sida,02:48 AM,32259.0,0.03444061428308487,3.1377328172539682,2517.315457361741,,0.3892181109262479,None,42.0,sample_train,test,lemma_wo_stpwrd,0.2,None,True,True,bigram,True,bert-base-uncased,kmeans,5.0,0.2,5.0,tfidf,nmf,True,8.0
snide-kick,02:46 AM,32259.0,0.38025081157684326,1.5700676501315132,4833.577081639854,,0.42365295310213413,-9.73248228336232,42.0,sample_train,test,lemma_wo_stpwrd,0.2,None,True,True,bigram,True,bert-base-uncased,hierarchical,2.0,0.2,5.0,bow,lda,True,2.0
ratty-gray,02:44 AM,32259.0,0.03444061428308487,3.1377328172539682,2517.315457361741,,0.38317291245022,None,42.0,sample_train,test,lemma_wo_stpwrd,0.2,None,True,True,bigram,True,bert-base-uncased,kmeans,5.0,0.2,5.0,tfidf,nmf,True,6.0
moire-cyst,02:42 AM,32259.0,0.03444061428308487,3.1377328172539682,2517.315457361741,,0.3758396912417632,None,42.0,sample_train,test,lemma_wo_stpwrd,0.2,None,True,True,bigram,True,bert-base-uncased,kmeans,5.0,0.2,5.0,tfidf,nmf,True,4.0
gyral-gray,02:42 AM,32259.0,0.03444061428308487,3.1377328172539682,2517.315457361741,,0.40355073800171565,None,42.0,sample_train,test,lemma_wo_stpwrd,0.2,None,True,True,bigram,True,bert-base-uncased,kmeans,5.0,0.2,5.0,tfidf,nmf,True,2.0
robed-soja,02:38 AM,32259.0,0.03444061428308487,3.1377328172539682,2517.315457361741,,0.5672349964683017,-15.234343563487148,42.0,sample_train,test,lemma_wo_stpwrd,0.2,None,True,True,bigram,True,bert-base-uncased,kmeans,5.0,0.2,5.0,tfidf,lda,True,10.0
raspy-newt,02:37 AM,32259.0,0.03444061428308487,3.1377328172539682,2517.315457361741,,0.544265541744171,-14.162943009217482,42.0,sample_train,test,lemma_wo_stpwrd,0.2,None,True,True,bigram,True,bert-base-uncased,kmeans,5.0,0.2,5.0,tfidf,lda,True,8.0
dying-hymn,02:37 AM,32259.0,0.03444061428308487,3.1377328172539682,2517.315457361741,,0.4988422568987681,-13.259270897773385,42.0,sample_train,test,lemma_wo_stpwrd,0.2,None,True,True,bigram,True,bert-base-uncased,kmeans,5.0,0.2,5.0,tfidf,lda,True,6.0
solar-sail,02:34 AM,32259.0,0.03444061428308487,3.1377328172539682,2517.315457361741,,0.4344709616064971,-12.53983542023332,42.0,sample_train,test,lemma_wo_stpwrd,0.2,None,True,True,bigram,True,bert-base-uncased,kmeans,5.0,0.2,5.0,tfidf,lda,True,4.0
pious-oafs,02:33 AM,32259.0,0.03444061428308487,3.1377328172539682,2517.315457361741,,0.3983765058387431,-11.70748401325118,42.0,sample_train,test,lemma_wo_stpwrd,0.2,None,True,True,bigram,True,bert-base-uncased,kmeans,5.0,0.2,5.0,tfidf,lda,True,2.0
riven-wino,02:33 AM,32259.0,0.03444061428308487,3.1377328172539682,2517.315457361741,,0.3752166638403982,None,42.0,sample_train,test,lemma_wo_stpwrd,0.2,None,True,True,bigram,True,bert-base-uncased,kmeans,5.0,0.2,5.0,bow,nmf,True,10.0
potty-envy,02:29 AM,32259.0,0.03444061428308487,3.1377328172539682,2517.315457361741,,0.3994430536860031,None,42.0,sample_train,test,lemma_wo_stpwrd,0.2,None,True,True,bigram,True,bert-base-uncased,kmeans,5.0,0.2,5.0,bow,nmf,True,8.0
chill-axon,02:28 AM,32259.0,0.03444061428308487,3.1377328172539682,2517.315457361741,,0.3927739048862843,None,42.0,sample_train,test,lemma_wo_stpwrd,0.2,None,True,True,bigram,True,bert-base-uncased,kmeans,5.0,0.2,5.0,bow,nmf,True,6.0
diazo-joey,02:27 AM,32259.0,0.03444061428308487,3.1377328172539682,2517.315457361741,,0.4067312783801283,None,42.0,sample_train,test,lemma_wo_stpwrd,0.2,None,True,True,bigram,True,bert-base-uncased,kmeans,5.0,0.2,5.0,bow,nmf,True,4.0
plush-oner,02:23 AM,32259.0,0.03444061428308487,3.1377328172539682,2517.315457361741,,0.4399636015366486,None,42.0,sample_train,test,lemma_wo_stpwrd,0.2,None,True,True,bigram,True,bert-base-uncased,kmeans,5.0,0.2,5.0,bow,nmf,True,2.0
unmet-care,02:23 AM,32259.0,0.03444061428308487,3.1377328172539682,2517.315457361741,,0.4063417855670203,-11.281292266400584,42.0,sample_train,test,lemma_wo_stpwrd,0.2,None,True,True,bigram,True,bert-base-uncased,kmeans,5.0,0.2,5.0,bow,lda,True,10.0
forky-skat,02:22 AM,32259.0,0.03444061428308487,3.1377328172539682,2517.315457361741,,0.3950361955384428,-10.754079872631971,42.0,sample_train,test,lemma_wo_stpwrd,0.2,None,True,True,bigram,True,bert-base-uncased,kmeans,5.0,0.2,5.0,bow,lda,True,8.0
crass-raja,02:19 AM,32259.0,0.03444061428308487,3.1377328172539682,2517.315457361741,,0.39447707833803436,-10.372926744634045,42.0,sample_train,test,lemma_wo_stpwrd,0.2,None,True,True,bigram,True,bert-base-uncased,kmeans,5.0,0.2,5.0,bow,lda,True,6.0
taunt-mine,02:18 AM,32259.0,0.03444061428308487,3.1377328172539682,2517.315457361741,,0.38469162968683,-10.168338819420194,42.0,sample_train,test,lemma_wo_stpwrd,0.2,None,True,True,bigram,True,bert-base-uncased,kmeans,5.0,0.2,5.0,bow,lda,True,4.0
swish-jigs,02:18 AM,32259.0,0.03444061428308487,3.1377328172539682,2517.315457361741,,0.3947372696265145,-9.956663059844875,42.0,sample_train,test,lemma_wo_stpwrd,0.2,None,True,True,bigram,True,bert-base-uncased,kmeans,5.0,0.2,5.0,bow,lda,True,2.0
zonal-zigs,02:14 AM,32259.0,0.06334486603736877,2.8180778888310867,2947.4493460189947,,0.41732517446455586,None,42.0,sample_train,test,lemma_wo_stpwrd,0.2,None,True,True,bigram,True,bert-base-uncased,kmeans,4.0,0.2,5.0,tfidf,nmf,True,10.0
privy-gimp,02:14 AM,32259.0,0.06334486603736877,2.8180778888310867,2947.4493460189947,,0.40663599826498686,None,42.0,sample_train,test,lemma_wo_stpwrd,0.2,None,True,True,bigram,True,bert-base-uncased,kmeans,4.0,0.2,5.0,tfidf,nmf,True,8.0
alone-souk,02:13 AM,32259.0,0.06334486603736877,2.8180778888310867,2947.4493460189947,,0.3900667410436564,None,42.0,sample_train,test,lemma_wo_stpwrd,0.2,None,True,True,bigram,True,bert-base-uncased,kmeans,4.0,0.2,5.0,tfidf,nmf,True,6.0
legal-bice,02:09 AM,32259.0,0.06334486603736877,2.8180778888310867,2947.4493460189947,,0.37856973169754715,None,42.0,sample_train,test,lemma_wo_stpwrd,0.2,None,True,True,bigram,True,bert-base-uncased,kmeans,4.0,0.2,5.0,tfidf,nmf,True,4.0
still-tuck,02:09 AM,32259.0,0.06334486603736877,2.8180778888310867,2947.4493460189947,,0.40078798613680944,None,42.0,sample_train,test,lemma_wo_stpwrd,0.2,None,True,True,bigram,True,bert-base-uncased,kmeans,4.0,0.2,5.0,tfidf,nmf,True,2.0
tasty-help,02:08 AM,32259.0,0.06334486603736877,2.8180778888310867,2947.4493460189947,,0.5063470814437098,-14.989851891206092,42.0,sample_train,test,lemma_wo_stpwrd,0.2,None,True,True,bigram,True,bert-base-uncased,kmeans,4.0,0.2,5.0,tfidf,lda,True,10.0
boric-yell,02:05 AM,32259.0,0.06334486603736877,2.8180778888310867,2947.4493460189947,,0.4658815910407124,-13.887804341893354,42.0,sample_train,test,lemma_wo_stpwrd,0.2,None,True,True,bigram,True,bert-base-uncased,kmeans,4.0,0.2,5.0,tfidf,lda,True,8.0
ocher-wart,02:05 AM,32259.0,0.06334486603736877,2.8180778888310867,2947.4493460189947,,0.4300839149207238,-12.944972157672293,42.0,sample_train,test,lemma_wo_stpwrd,0.2,None,True,True,bigram,True,bert-base-uncased,kmeans,4.0,0.2,5.0,tfidf,lda,True,6.0
slung-owls,02:04 AM,32259.0,0.06334486603736877,2.8180778888310867,2947.4493460189947,,0.39636349361814627,-12.248196564711908,42.0,sample_train,test,lemma_wo_stpwrd,0.2,None,True,True,bigram,True,bert-base-uncased,kmeans,4.0,0.2,5.0,tfidf,lda,True,4.0
moldy-roam,02:01 AM,32259.0,0.06334486603736877,2.8180778888310867,2947.4493460189947,,0.35367859105485017,-11.497563089417582,42.0,sample_train,test,lemma_wo_stpwrd,0.2,None,True,True,bigram,True,bert-base-uncased,kmeans,4.0,0.2,5.0,tfidf,lda,True,2.0
coaly-view,02:01 AM,32259.0,0.06334486603736877,2.8180778888310867,2947.4493460189947,,0.3807513837779799,None,42.0,sample_train,test,lemma_wo_stpwrd,0.2,None,True,True,bigram,True,bert-base-uncased,kmeans,4.0,0.2,5.0,bow,nmf,True,10.0
loral-mina,02:00 AM,32259.0,0.06334486603736877,2.8180778888310867,2947.4493460189947,,0.4026163516338418,None,42.0,sample_train,test,lemma_wo_stpwrd,0.2,None,True,True,bigram,True,bert-base-uncased,kmeans,4.0,0.2,5.0,bow,nmf,True,8.0
mined-nims,01:57 AM,32259.0,0.06334486603736877,2.8180778888310867,2947.4493460189947,,0.3948667205368942,None,42.0,sample_train,test,lemma_wo_stpwrd,0.2,None,True,True,bigram,True,bert-base-uncased,kmeans,4.0,0.2,5.0,bow,nmf,True,6.0
sarky-runs,01:56 AM,32259.0,0.06334486603736877,2.8180778888310867,2947.4493460189947,,0.41390937902560804,None,42.0,sample_train,test,lemma_wo_stpwrd,0.2,None,True,True,bigram,True,bert-base-uncased,kmeans,4.0,0.2,5.0,bow,nmf,True,4.0
doped-says,01:55 AM,32259.0,0.06334486603736877,2.8180778888310867,2947.4493460189947,,0.4563286287103906,None,42.0,sample_train,test,lemma_wo_stpwrd,0.2,None,True,True,bigram,True,bert-base-uncased,kmeans,4.0,0.2,5.0,bow,nmf,True,2.0
campy-dele,01:52 AM,32259.0,0.06334486603736877,2.8180778888310867,2947.4493460189947,,0.39018438899775826,-11.209675625915539,42.0,sample_train,test,lemma_wo_stpwrd,0.2,None,True,True,bigram,True,bert-base-uncased,kmeans,4.0,0.2,5.0,bow,lda,True,10.0
liege-bags,01:52 AM,32259.0,0.06334486603736877,2.8180778888310867,2947.4493460189947,,0.39109014873490444,-10.59326760762919,42.0,sample_train,test,lemma_wo_stpwrd,0.2,None,True,True,bigram,True,bert-base-uncased,kmeans,4.0,0.2,5.0,bow,lda,True,8.0
yucky-pony,01:51 AM,32259.0,0.06334486603736877,2.8180778888310867,2947.4493460189947,,0.3825629434069828,-10.192732096084626,42.0,sample_train,test,lemma_wo_stpwrd,0.2,None,True,True,bigram,True,bert-base-uncased,kmeans,4.0,0.2,5.0,bow,lda,True,6.0
gawky-taco,01:49 AM,32259.0,0.06334486603736877,2.8180778888310867,2947.4493460189947,,0.4028233956805193,-10.00991270204505,42.0,sample_train,test,lemma_wo_stpwrd,0.2,None,True,True,bigram,True,bert-base-uncased,kmeans,4.0,0.2,5.0,bow,lda,True,4.0
brisk-sorb,01:48 AM,32259.0,0.06334486603736877,2.8180778888310867,2947.4493460189947,,0.4010277907004154,-9.812571362106228,42.0,sample_train,test,lemma_wo_stpwrd,0.2,None,True,True,bigram,True,bert-base-uncased,kmeans,4.0,0.2,5.0,bow,lda,True,2.0
sewed-awns,01:47 AM,32259.0,0.08911851048469543,3.2000080364069476,3574.03574151533,,0.37897366199394167,None,42.0,sample_train,test,lemma_wo_stpwrd,0.2,None,True,True,bigram,True,bert-base-uncased,kmeans,3.0,0.2,5.0,tfidf,nmf,True,10.0
shore-kaka,01:45 AM,32259.0,0.08911851048469543,3.2000080364069476,3574.03574151533,,0.3756704100769626,None,42.0,sample_train,test,lemma_wo_stpwrd,0.2,None,True,True,bigram,True,bert-base-uncased,kmeans,3.0,0.2,5.0,tfidf,nmf,True,8.0
sewed-plop,01:44 AM,32259.0,0.08911851048469543,3.2000080364069476,3574.03574151533,,0.36650110348773196,None,42.0,sample_train,test,lemma_wo_stpwrd,0.2,None,True,True,bigram,True,bert-base-uncased,kmeans,3.0,0.2,5.0,tfidf,nmf,True,6.0
white-vacs,01:43 AM,32259.0,0.08911851048469543,3.2000080364069476,3574.03574151533,,0.3609590003964465,None,42.0,sample_train,test,lemma_wo_stpwrd,0.2,None,True,True,bigram,True,bert-base-uncased,kmeans,3.0,0.2,5.0,tfidf,nmf,True,4.0
beige-mean,01:41 AM,32259.0,0.08911851048469543,3.2000080364069476,3574.03574151533,,0.4222395236615349,None,42.0,sample_train,test,lemma_wo_stpwrd,0.2,None,True,True,bigram,True,bert-base-uncased,kmeans,3.0,0.2,5.0,tfidf,nmf,True,2.0
woozy-duke,01:40 AM,32259.0,0.08911851048469543,3.2000080364069476,3574.03574151533,,0.49099991638524115,-15.171494636407614,42.0,sample_train,test,lemma_wo_stpwrd,0.2,None,True,True,bigram,True,bert-base-uncased,kmeans,3.0,0.2,5.0,tfidf,lda,True,10.0
muzzy-hose,01:40 AM,32259.0,0.08911851048469543,3.2000080364069476,3574.03574151533,,0.42732808009125617,-13.86903426432695,42.0,sample_train,test,lemma_wo_stpwrd,0.2,None,True,True,bigram,True,bert-base-uncased,kmeans,3.0,0.2,5.0,tfidf,lda,True,8.0
tepid-whit,01:37 AM,32259.0,0.08911851048469543,3.2000080364069476,3574.03574151533,,0.4047531239490449,-12.815291979806885,42.0,sample_train,test,lemma_wo_stpwrd,0.2,None,True,True,bigram,True,bert-base-uncased,kmeans,3.0,0.2,5.0,tfidf,lda,True,6.0
adust-robe,01:37 AM,32259.0,0.08911851048469543,3.2000080364069476,3574.03574151533,,0.38894430657021734,-12.086758457005635,42.0,sample_train,test,lemma_wo_stpwrd,0.2,None,True,True,bigram,True,bert-base-uncased,kmeans,3.0,0.2,5.0,tfidf,lda,True,4.0
boric-amie,01:37 AM,32259.0,0.08911851048469543,3.2000080364069476,3574.03574151533,,0.38064867584858736,-11.358028285605704,42.0,sample_train,test,lemma_wo_stpwrd,0.2,None,True,True,bigram,True,bert-base-uncased,kmeans,3.0,0.2,5.0,tfidf,lda,True,2.0
adept-bold,01:34 AM,32259.0,0.08911851048469543,3.2000080364069476,3574.03574151533,,0.4051662494755413,None,42.0,sample_train,test,lemma_wo_stpwrd,0.2,None,True,True,bigram,True,bert-base-uncased,kmeans,3.0,0.2,5.0,bow,nmf,True,10.0
nicer-scow,01:34 AM,32259.0,0.08911851048469543,3.2000080364069476,3574.03574151533,,0.4277723890172853,None,42.0,sample_train,test,lemma_wo_stpwrd,0.2,None,True,True,bigram,True,bert-base-uncased,kmeans,3.0,0.2,5.0,bow,nmf,True,8.0
flash-goos,01:33 AM,32259.0,0.08911851048469543,3.2000080364069476,3574.03574151533,,0.4186427808687132,None,42.0,sample_train,test,lemma_wo_stpwrd,0.2,None,True,True,bigram,True,bert-base-uncased,kmeans,3.0,0.2,5.0,bow,nmf,True,6.0
angry-male,01:30 AM,32259.0,0.08911851048469543,3.2000080364069476,3574.03574151533,,0.41698577144436727,None,42.0,sample_train,test,lemma_wo_stpwrd,0.2,None,True,True,bigram,True,bert-base-uncased,kmeans,3.0,0.2,5.0,bow,nmf,True,4.0
choky-magi,01:30 AM,32259.0,0.08911851048469543,3.2000080364069476,3574.03574151533,,0.45356259986359504,None,42.0,sample_train,test,lemma_wo_stpwrd,0.2,None,True,True,bigram,True,bert-base-uncased,kmeans,3.0,0.2,5.0,bow,nmf,True,2.0
aspen-weds,01:30 AM,32259.0,0.08911851048469543,3.2000080364069476,3574.03574151533,,0.40259889272965843,-11.24896470804635,42.0,sample_train,test,lemma_wo_stpwrd,0.2,None,True,True,bigram,True,bert-base-uncased,kmeans,3.0,0.2,5.0,bow,lda,True,10.0
ashen-hose,01:27 AM,32259.0,0.08911851048469543,3.2000080364069476,3574.03574151533,,0.394129684377708,-10.472569796530399,42.0,sample_train,test,lemma_wo_stpwrd,0.2,None,True,True,bigram,True,bert-base-uncased,kmeans,3.0,0.2,5.0,bow,lda,True,8.0
drear-hake,01:26 AM,32259.0,0.08911851048469543,3.2000080364069476,3574.03574151533,,0.39856117188866014,-10.016058351420249,42.0,sample_train,test,lemma_wo_stpwrd,0.2,None,True,True,bigram,True,bert-base-uncased,kmeans,3.0,0.2,5.0,bow,lda,True,6.0
unapt-rubs,01:26 AM,32259.0,0.08911851048469543,3.2000080364069476,3574.03574151533,,0.4098723086002563,-9.798308247463291,42.0,sample_train,test,lemma_wo_stpwrd,0.2,None,True,True,bigram,True,bert-base-uncased,kmeans,3.0,0.2,5.0,bow,lda,True,4.0
unfed-linn,01:24 AM,32259.0,0.08911851048469543,3.2000080364069476,3574.03574151533,,0.4158990710310233,-9.61333398670205,42.0,sample_train,test,lemma_wo_stpwrd,0.2,None,True,True,bigram,True,bert-base-uncased,kmeans,3.0,0.2,5.0,bow,lda,True,2.0
fifty-dado,01:23 AM,32259.0,0.24803930521011353,1.9758421685443364,5705.016157517404,,0.4082240346166884,None,42.0,sample_train,test,lemma_wo_stpwrd,0.2,None,True,True,bigram,True,bert-base-uncased,kmeans,2.0,0.2,5.0,tfidf,nmf,True,10.0
party-wens,01:23 AM,32259.0,0.24803930521011353,1.9758421685443364,5705.016157517404,,0.4154184418293046,None,42.0,sample_train,test,lemma_wo_stpwrd,0.2,None,True,True,bigram,True,bert-base-uncased,kmeans,2.0,0.2,5.0,tfidf,nmf,True,8.0
oiled-lick,01:20 AM,32259.0,0.24803930521011353,1.9758421685443364,5705.016157517404,,0.396743768235735,None,42.0,sample_train,test,lemma_wo_stpwrd,0.2,None,True,True,bigram,True,bert-base-uncased,kmeans,2.0,0.2,5.0,tfidf,nmf,True,6.0
grand-lats,01:20 AM,32259.0,0.24803930521011353,1.9758421685443364,5705.016157517404,,0.39083730204239275,None,42.0,sample_train,test,lemma_wo_stpwrd,0.2,None,True,True,bigram,True,bert-base-uncased,kmeans,2.0,0.2,5.0,tfidf,nmf,True,4.0
solar-yogi,01:20 AM,32259.0,0.24803930521011353,1.9758421685443364,5705.016157517404,,0.4765451921458803,None,42.0,sample_train,test,lemma_wo_stpwrd,0.2,None,True,True,bigram,True,bert-base-uncased,kmeans,2.0,0.2,5.0,tfidf,nmf,True,2.0
undug-coed,01:17 AM,32259.0,0.24803930521011353,1.9758421685443364,5705.016157517404,,0.5555557722048093,-15.016932994793418,42.0,sample_train,test,lemma_wo_stpwrd,0.2,None,True,True,bigram,True,bert-base-uncased,kmeans,2.0,0.2,5.0,tfidf,lda,True,10.0
swept-weir,01:17 AM,32259.0,0.24803930521011353,1.9758421685443364,5705.016157517404,,0.5451000713809073,-13.61668819042664,42.0,sample_train,test,lemma_wo_stpwrd,0.2,None,True,True,bigram,True,bert-base-uncased,kmeans,2.0,0.2,5.0,tfidf,lda,True,8.0
bulgy-owls,01:17 AM,32259.0,0.24803930521011353,1.9758421685443364,5705.016157517404,,0.4490047839580352,-12.639856974308348,42.0,sample_train,test,lemma_wo_stpwrd,0.2,None,True,True,bigram,True,bert-base-uncased,kmeans,2.0,0.2,5.0,tfidf,lda,True,6.0
heigh-seep,01:15 AM,32259.0,0.24803930521011353,1.9758421685443364,5705.016157517404,,0.44817781547064695,None,42.0,sample_train,test,lemma_wo_stpwrd,0.2,None,True,True,bigram,True,bert-base-uncased,kmeans,2.0,0.2,5.0,bow,nmf,True,10.0
ashen-trio,01:15 AM,32259.0,0.24803930521011353,1.9758421685443364,5705.016157517404,,0.46834540347282927,-11.935337643265216,42.0,sample_train,test,lemma_wo_stpwrd,0.2,None,True,True,bigram,True,bert-base-uncased,kmeans,2.0,0.2,5.0,tfidf,lda,True,4.0
hired-tier,01:15 AM,32259.0,0.24803930521011353,1.9758421685443364,5705.016157517404,,0.4124670296948957,-11.228470525491895,42.0,sample_train,test,lemma_wo_stpwrd,0.2,None,True,True,bigram,True,bert-base-uncased,kmeans,2.0,0.2,5.0,tfidf,lda,True,2.0
taboo-unit,01:12 AM,32259.0,0.24803930521011353,1.9758421685443364,5705.016157517404,,0.4655545601666916,None,42.0,sample_train,test,lemma_wo_stpwrd,0.2,None,True,True,bigram,True,bert-base-uncased,kmeans,2.0,0.2,5.0,bow,nmf,True,8.0
sound-wean,01:12 AM,32259.0,0.24803930521011353,1.9758421685443364,5705.016157517404,,0.4487681593480445,None,42.0,sample_train,test,lemma_wo_stpwrd,0.2,None,True,True,bigram,True,bert-base-uncased,kmeans,2.0,0.2,5.0,bow,nmf,True,6.0
gypsy-good,01:12 AM,32259.0,0.24803930521011353,1.9758421685443364,5705.016157517404,,0.44447133130417005,None,42.0,sample_train,test,lemma_wo_stpwrd,0.2,None,True,True,bigram,True,bert-base-uncased,kmeans,2.0,0.2,5.0,bow,nmf,True,4.0
rapid-genu,01:09 AM,32259.0,0.24803930521011353,1.9758421685443364,5705.016157517404,,0.49604781138696014,None,42.0,sample_train,test,lemma_wo_stpwrd,0.2,None,True,True,bigram,True,bert-base-uncased,kmeans,2.0,0.2,5.0,bow,nmf,True,2.0
boozy-beep,01:09 AM,32259.0,0.24803930521011353,1.9758421685443364,5705.016157517404,,0.43458061534091436,-11.175069840650515,42.0,sample_train,test,lemma_wo_stpwrd,0.2,None,True,True,bigram,True,bert-base-uncased,kmeans,2.0,0.2,5.0,bow,lda,True,10.0
goofy-dams,01:09 AM,32259.0,0.24803930521011353,1.9758421685443364,5705.016157517404,,0.41202462065497303,-10.386419734298919,42.0,sample_train,test,lemma_wo_stpwrd,0.2,None,True,True,bigram,True,bert-base-uncased,kmeans,2.0,0.2,5.0,bow,lda,True,8.0
eaten-good,01:07 AM,32259.0,0.24803930521011353,1.9758421685443364,5705.016157517404,,0.4563080808320443,-9.50727757526655,42.0,sample_train,test,lemma_wo_stpwrd,0.2,None,True,True,bigram,True,bert-base-uncased,kmeans,2.0,0.2,5.0,bow,lda,True,2.0
hulky-want,01:06 AM,32259.0,0.24803930521011353,1.9758421685443364,5705.016157517404,,0.438489079010439,-9.687462176951872,42.0,sample_train,test,lemma_wo_stpwrd,0.2,None,True,True,bigram,True,bert-base-uncased,kmeans,2.0,0.2,5.0,bow,lda,True,4.0
lived-plow,01:06 AM,32259.0,0.24803930521011353,1.9758421685443364,5705.016157517404,,0.4240496084445179,-9.913685366637178,42.0,sample_train,test,lemma_wo_stpwrd,0.2,None,True,True,bigram,True,bert-base-uncased,kmeans,2.0,0.2,5.0,bow,lda,True,6.0
toned-ludo,06:02 PM,32259.0,0.2480393052101135,1.9758421685443364,5705.016157517404,,0.5451000713809073,-13.61668819042664,42.0,sample_train,test,lemma_wo_stpwrd,0.2,,True,True,bigram,True,bert-base-uncased,kmeans,2.0,0.2,5.0,tfidf,lda,True,8.0
tidal-seer,01:33 PM,32259.0,0.3047588467597961,2.4224911959965123,3932.469998252696,,0.4167353610966868,,42.0,sample_train,test,lemma_w_stpwrd,0.2,,True,True,bigram,True,bert-base-uncased,kmeans,2.0,0.2,5.0,tfidf,nmf,False,10.0
rapid-plow,01:32 PM,32259.0,0.3047588467597961,2.4224911959965123,3932.469998252696,,0.3781570296148753,,42.0,sample_train,test,lemma_w_stpwrd,0.2,,True,True,bigram,True,bert-base-uncased,kmeans,2.0,0.2,5.0,tfidf,nmf,False,8.0
ducky-sail,01:30 PM,32259.0,0.3047588467597961,2.4224911959965123,3932.469998252696,,0.4028819361143548,,42.0,sample_train,test,lemma_w_stpwrd,0.2,,True,True,bigram,True,bert-base-uncased,kmeans,2.0,0.2,5.0,tfidf,nmf,False,6.0
local-weal,01:29 PM,32259.0,0.3047588467597961,2.4224911959965123,3932.469998252696,,0.4213642154509142,,42.0,sample_train,test,lemma_w_stpwrd,0.2,,True,True,bigram,True,bert-base-uncased,kmeans,2.0,0.2,5.0,tfidf,nmf,False,4.0
fuggy-jiao,01:28 PM,32259.0,0.3047588467597961,2.4224911959965123,3932.469998252696,,0.4483488281242469,,42.0,sample_train,test,lemma_w_stpwrd,0.2,,True,True,bigram,True,bert-base-uncased,kmeans,2.0,0.2,5.0,tfidf,nmf,False,2.0
fated-damn,01:26 PM,32259.0,0.3047588467597961,2.4224911959965123,3932.469998252696,,0.6312082069707972,-13.2672504954558,42.0,sample_train,test,lemma_w_stpwrd,0.2,,True,True,bigram,True,bert-base-uncased,kmeans,2.0,0.2,5.0,tfidf,lda,False,10.0
staid-many,01:25 PM,32259.0,0.3047588467597961,2.4224911959965123,3932.469998252696,,0.6143912913526077,-12.080129433639414,42.0,sample_train,test,lemma_w_stpwrd,0.2,,True,True,bigram,True,bert-base-uncased,kmeans,2.0,0.2,5.0,tfidf,lda,False,8.0
leady-jabs,01:24 PM,32259.0,0.3047588467597961,2.4224911959965123,3932.469998252696,,0.6227122912042483,-11.296513565232988,42.0,sample_train,test,lemma_w_stpwrd,0.2,,True,True,bigram,True,bert-base-uncased,kmeans,2.0,0.2,5.0,tfidf,lda,False,6.0
optic-toke,01:23 PM,32259.0,0.3047588467597961,2.4224911959965123,3932.469998252696,,0.5596260234889245,-10.816370177002252,42.0,sample_train,test,lemma_w_stpwrd,0.2,,True,True,bigram,True,bert-base-uncased,kmeans,2.0,0.2,5.0,tfidf,lda,False,4.0
prosy-tass,01:21 PM,32259.0,0.3047588467597961,2.4224911959965123,3932.469998252696,,0.4243285322460172,-10.324227634302844,42.0,sample_train,test,lemma_w_stpwrd,0.2,,True,True,bigram,True,bert-base-uncased,kmeans,2.0,0.2,5.0,tfidf,lda,False,2.0
bendy-flew,01:20 PM,32259.0,0.3047588467597961,2.4224911959965123,3932.469998252696,,0.4399616580540009,,42.0,sample_train,test,lemma_w_stpwrd,0.2,,True,True,bigram,True,bert-base-uncased,kmeans,2.0,0.2,5.0,bow,nmf,False,10.0
oiled-arcs,01:19 PM,32259.0,0.3047588467597961,2.4224911959965123,3932.469998252696,,0.4542190883594419,,42.0,sample_train,test,lemma_w_stpwrd,0.2,,True,True,bigram,True,bert-base-uncased,kmeans,2.0,0.2,5.0,bow,nmf,False,8.0
vocal-pith,01:17 PM,32259.0,0.3047588467597961,2.4224911959965123,3932.469998252696,,0.4630418238343836,,42.0,sample_train,test,lemma_w_stpwrd,0.2,,True,True,bigram,True,bert-base-uncased,kmeans,2.0,0.2,5.0,bow,nmf,False,6.0
rummy-flus,01:16 PM,32259.0,0.3047588467597961,2.4224911959965123,3932.469998252696,,0.4843764942155809,,42.0,sample_train,test,lemma_w_stpwrd,0.2,,True,True,bigram,True,bert-base-uncased,kmeans,2.0,0.2,5.0,bow,nmf,False,4.0
spiky-sook,01:15 PM,32259.0,0.3047588467597961,2.4224911959965123,3932.469998252696,,0.4887212060595793,,42.0,sample_train,test,lemma_w_stpwrd,0.2,,True,True,bigram,True,bert-base-uncased,kmeans,2.0,0.2,5.0,bow,nmf,False,2.0
grave-vows,01:13 PM,32259.0,0.3047588467597961,2.4224911959965123,3932.469998252696,,0.5226200191286537,-8.104560242463812,42.0,sample_train,test,lemma_w_stpwrd,0.2,,True,True,bigram,True,bert-base-uncased,kmeans,2.0,0.2,5.0,bow,lda,False,10.0
unlet-gonk,01:12 PM,32259.0,0.3047588467597961,2.4224911959965123,3932.469998252696,,0.5550367852712694,-7.737078069380371,42.0,sample_train,test,lemma_w_stpwrd,0.2,,True,True,bigram,True,bert-base-uncased,kmeans,2.0,0.2,5.0,bow,lda,False,8.0
nowed-bolo,01:10 PM,32259.0,0.3047588467597961,2.4224911959965123,3932.469998252696,,0.5067265030130669,-7.463014231928081,42.0,sample_train,test,lemma_w_stpwrd,0.2,,True,True,bigram,True,bert-base-uncased,kmeans,2.0,0.2,5.0,bow,lda,False,6.0
whity-vega,01:09 PM,32259.0,0.3047588467597961,2.4224911959965123,3932.469998252696,,0.4813911186756252,-7.330610128958559,42.0,sample_train,test,lemma_w_stpwrd,0.2,,True,True,bigram,True,bert-base-uncased,kmeans,2.0,0.2,5.0,bow,lda,False,4.0
obese-tils,01:07 PM,32259.0,0.3047588467597961,2.4224911959965123,3932.469998252696,,0.4971824738207413,-7.256238599027312,42.0,sample_train,test,lemma_w_stpwrd,0.2,,True,True,bigram,True,bert-base-uncased,kmeans,2.0,0.2,5.0,bow,lda,False,2.0
enemy-brio,12:14 AM,32259.0,0.3047588467597961,2.4224911959965123,3932.469998252696,,0.3853755889065411,,42.0,sample_train,test,lemma_w_stpwrd,0.2,,True,True,bigram,True,bert-base-uncased,hierarchical,5.0,0.2,5.0,tfidf,nmf,True,10.0
nervy-scow,12:09 AM,32259.0,0.3047588467597961,2.4224911959965123,3932.469998252696,,0.3691570058912633,,42.0,sample_train,test,lemma_w_stpwrd,0.2,,True,True,bigram,True,bert-base-uncased,hierarchical,5.0,0.2,5.0,tfidf,nmf,True,8.0
elect-linn,12:05 AM,32259.0,0.3047588467597961,2.4224911959965123,3932.469998252696,,0.3791514269783232,,42.0,sample_train,test,lemma_w_stpwrd,0.2,,True,True,bigram,True,bert-base-uncased,hierarchical,5.0,0.2,5.0,tfidf,nmf,True,6.0
cheap-haet,12:00 AM,32259.0,0.3047588467597961,2.4224911959965123,3932.469998252696,,0.3744966061638312,,42.0,sample_train,test,lemma_w_stpwrd,0.2,,True,True,bigram,True,bert-base-uncased,hierarchical,5.0,0.2,5.0,tfidf,nmf,True,4.0
prima-ziti,"Oct 16, 2023",32259.0,0.3047588467597961,2.4224911959965123,3932.469998252696,,0.4326145934855778,,42.0,sample_train,test,lemma_w_stpwrd,0.2,,True,True,bigram,True,bert-base-uncased,hierarchical,5.0,0.2,5.0,tfidf,nmf,True,2.0
dowdy-puns,"Oct 16, 2023",32259.0,0.3047588467597961,2.4224911959965123,3932.469998252696,,0.5183632798688281,-13.93842174203117,42.0,sample_train,test,lemma_w_stpwrd,0.2,,True,True,bigram,True,bert-base-uncased,hierarchical,5.0,0.2,5.0,tfidf,lda,True,10.0
pupal-harl,"Oct 16, 2023",32259.0,0.3047588467597961,2.4224911959965123,3932.469998252696,,0.4913184611840031,-13.014420673871124,42.0,sample_train,test,lemma_w_stpwrd,0.2,,True,True,bigram,True,bert-base-uncased,hierarchical,5.0,0.2,5.0,tfidf,lda,True,8.0
ashen-user,"Oct 16, 2023",32259.0,0.3047588467597961,2.4224911959965123,3932.469998252696,,0.4417360149110347,-12.289163899798776,42.0,sample_train,test,lemma_w_stpwrd,0.2,,True,True,bigram,True,bert-base-uncased,hierarchical,5.0,0.2,5.0,tfidf,lda,True,6.0
naked-sacs,"Oct 16, 2023",32259.0,0.3047588467597961,2.4224911959965123,3932.469998252696,,0.3911833540862552,-11.73204142584666,42.0,sample_train,test,lemma_w_stpwrd,0.2,,True,True,bigram,True,bert-base-uncased,hierarchical,5.0,0.2,5.0,tfidf,lda,True,4.0
cronk-teat,"Oct 16, 2023",32259.0,0.3047588467597961,2.4224911959965123,3932.469998252696,,0.403942853518923,-11.07448347093148,42.0,sample_train,test,lemma_w_stpwrd,0.2,,True,True,bigram,True,bert-base-uncased,hierarchical,5.0,0.2,5.0,tfidf,lda,True,2.0
ready-coho,"Oct 16, 2023",32259.0,0.3047588467597961,2.4224911959965123,3932.469998252696,,0.4680110416803221,,42.0,sample_train,test,lemma_w_stpwrd,0.2,,True,True,bigram,True,bert-base-uncased,hierarchical,5.0,0.2,5.0,bow,nmf,True,10.0
sneak-doll,"Oct 16, 2023",32259.0,0.3047588467597961,2.4224911959965123,3932.469998252696,,0.4838443303498815,,42.0,sample_train,test,lemma_w_stpwrd,0.2,,True,True,bigram,True,bert-base-uncased,hierarchical,5.0,0.2,5.0,bow,nmf,True,8.0
unwed-doge,"Oct 16, 2023",32259.0,0.3047588467597961,2.4224911959965123,3932.469998252696,,0.4909678188186177,,42.0,sample_train,test,lemma_w_stpwrd,0.2,,True,True,bigram,True,bert-base-uncased,hierarchical,5.0,0.2,5.0,bow,nmf,True,6.0
dolce-coal,"Oct 16, 2023",32259.0,0.3047588467597961,2.4224911959965123,3932.469998252696,,0.5054668515919493,,42.0,sample_train,test,lemma_w_stpwrd,0.2,,True,True,bigram,True,bert-base-uncased,hierarchical,5.0,0.2,5.0,bow,nmf,True,4.0
cruel-tare,"Oct 16, 2023",32259.0,0.3047588467597961,2.4224911959965123,3932.469998252696,,0.5212823859395745,,42.0,sample_train,test,lemma_w_stpwrd,0.2,,True,True,bigram,True,bert-base-uncased,hierarchical,5.0,0.2,5.0,bow,nmf,True,2.0
mesne-gonk,"Oct 16, 2023",32259.0,0.3047588467597961,2.4224911959965123,3932.469998252696,,0.465687326440498,-8.29505473386337,42.0,sample_train,test,lemma_w_stpwrd,0.2,,True,True,bigram,True,bert-base-uncased,hierarchical,5.0,0.2,5.0,bow,lda,True,10.0
final-roma,"Oct 16, 2023",32259.0,0.3047588467597961,2.4224911959965123,3932.469998252696,,0.4715905594785787,-8.078855738507391,42.0,sample_train,test,lemma_w_stpwrd,0.2,,True,True,bigram,True,bert-base-uncased,hierarchical,5.0,0.2,5.0,bow,lda,True,8.0
naval-fore,"Oct 16, 2023",32259.0,0.3047588467597961,2.4224911959965123,3932.469998252696,,0.4941078664050969,-7.9186049780489345,42.0,sample_train,test,lemma_w_stpwrd,0.2,,True,True,bigram,True,bert-base-uncased,hierarchical,5.0,0.2,5.0,bow,lda,True,6.0
tumid-sins,"Oct 16, 2023",32259.0,0.3047588467597961,2.4224911959965123,3932.469998252696,,0.5118103062447882,-7.844748716523431,42.0,sample_train,test,lemma_w_stpwrd,0.2,,True,True,bigram,True,bert-base-uncased,hierarchical,5.0,0.2,5.0,bow,lda,True,4.0
jazzy-rand,"Oct 16, 2023",32259.0,0.0282436646521091,2.9390220376139897,1888.862972163684,,0.513159574958346,-7.786407860493793,42.0,sample_train,test,lemma_w_stpwrd,0.2,,True,True,bigram,True,bert-base-uncased,hierarchical,5.0,0.2,5.0,bow,lda,True,2.0
uveal-ords,"Oct 16, 2023",32259.0,0.3047588467597961,2.4224911959965123,3932.469998252696,,0.398863128276422,,42.0,sample_train,test,lemma_w_stpwrd,0.2,,True,True,bigram,True,bert-base-uncased,hierarchical,4.0,0.2,5.0,tfidf,nmf,True,10.0
blest-gust,"Oct 16, 2023",32259.0,0.3047588467597961,2.4224911959965123,3932.469998252696,,0.388958632042483,,42.0,sample_train,test,lemma_w_stpwrd,0.2,,True,True,bigram,True,bert-base-uncased,hierarchical,4.0,0.2,5.0,tfidf,nmf,True,8.0
fatty-ambo,"Oct 16, 2023",32259.0,0.3047588467597961,2.4224911959965123,3932.469998252696,,0.3973537096268227,,42.0,sample_train,test,lemma_w_stpwrd,0.2,,True,True,bigram,True,bert-base-uncased,hierarchical,4.0,0.2,5.0,tfidf,nmf,True,6.0
squat-kina,"Oct 16, 2023",32259.0,0.3047588467597961,2.4224911959965123,3932.469998252696,,0.3853152897258592,,42.0,sample_train,test,lemma_w_stpwrd,0.2,,True,True,bigram,True,bert-base-uncased,hierarchical,4.0,0.2,5.0,tfidf,nmf,True,4.0
heady-soke,"Oct 16, 2023",32259.0,0.3047588467597961,2.4224911959965123,3932.469998252696,,0.4498244264589914,,42.0,sample_train,test,lemma_w_stpwrd,0.2,,True,True,bigram,True,bert-base-uncased,hierarchical,4.0,0.2,5.0,tfidf,nmf,True,2.0
waspy-adze,"Oct 16, 2023",32259.0,0.3047588467597961,2.4224911959965123,3932.469998252696,,0.5388909605031873,-13.917652071902946,42.0,sample_train,test,lemma_w_stpwrd,0.2,,True,True,bigram,True,bert-base-uncased,hierarchical,4.0,0.2,5.0,tfidf,lda,True,10.0
swell-weld,"Oct 16, 2023",32259.0,0.3047588467597961,2.4224911959965123,3932.469998252696,,0.5158559792305105,-12.991190593129089,42.0,sample_train,test,lemma_w_stpwrd,0.2,,True,True,bigram,True,bert-base-uncased,hierarchical,4.0,0.2,5.0,tfidf,lda,True,8.0
short-aqua,"Oct 16, 2023",32259.0,0.3047588467597961,2.4224911959965123,3932.469998252696,,0.4890476455313193,-12.317260934969932,42.0,sample_train,test,lemma_w_stpwrd,0.2,,True,True,bigram,True,bert-base-uncased,hierarchical,4.0,0.2,5.0,tfidf,lda,True,6.0
nodal-alto,"Oct 16, 2023",32259.0,0.3047588467597961,2.4224911959965123,3932.469998252696,,0.4346208863040859,-11.731213558527472,42.0,sample_train,test,lemma_w_stpwrd,0.2,,True,True,bigram,True,bert-base-uncased,hierarchical,4.0,0.2,5.0,tfidf,lda,True,4.0
burly-ryas,"Oct 16, 2023",32259.0,0.3047588467597961,2.4224911959965123,3932.469998252696,,0.415359287697341,-11.07253433351558,42.0,sample_train,test,lemma_w_stpwrd,0.2,,True,True,bigram,True,bert-base-uncased,hierarchical,4.0,0.2,5.0,tfidf,lda,True,2.0
ninth-lien,"Oct 16, 2023",32259.0,0.3047588467597961,2.4224911959965123,3932.469998252696,,0.4968091055575354,,42.0,sample_train,test,lemma_w_stpwrd,0.2,,True,True,bigram,True,bert-base-uncased,hierarchical,4.0,0.2,5.0,bow,nmf,True,10.0
dusky-orfe,"Oct 16, 2023",32259.0,0.3047588467597961,2.4224911959965123,3932.469998252696,,0.5149506014881341,,42.0,sample_train,test,lemma_w_stpwrd,0.2,,True,True,bigram,True,bert-base-uncased,hierarchical,4.0,0.2,5.0,bow,nmf,True,8.0
flush-whap,"Oct 16, 2023",32259.0,0.3047588467597961,2.4224911959965123,3932.469998252696,,0.5205131465094888,,42.0,sample_train,test,lemma_w_stpwrd,0.2,,True,True,bigram,True,bert-base-uncased,hierarchical,4.0,0.2,5.0,bow,nmf,True,6.0
sound-girl,"Oct 16, 2023",32259.0,0.3047588467597961,2.4224911959965123,3932.469998252696,,0.5375758554740264,,42.0,sample_train,test,lemma_w_stpwrd,0.2,,True,True,bigram,True,bert-base-uncased,hierarchical,4.0,0.2,5.0,bow,nmf,True,4.0
front-ices,"Oct 16, 2023",32259.0,0.3047588467597961,2.4224911959965123,3932.469998252696,,0.5557125503949568,,42.0,sample_train,test,lemma_w_stpwrd,0.2,,True,True,bigram,True,bert-base-uncased,hierarchical,4.0,0.2,5.0,bow,nmf,True,2.0
laced-kind,"Oct 16, 2023",32259.0,0.3047588467597961,2.4224911959965123,3932.469998252696,,0.503828429092267,-8.36408289547682,42.0,sample_train,test,lemma_w_stpwrd,0.2,,True,True,bigram,True,bert-base-uncased,hierarchical,4.0,0.2,5.0,bow,lda,True,10.0
cross-wine,"Oct 16, 2023",32259.0,0.3047588467597961,2.4224911959965123,3932.469998252696,,0.5080343818522635,-8.132860725617945,42.0,sample_train,test,lemma_w_stpwrd,0.2,,True,True,bigram,True,bert-base-uncased,hierarchical,4.0,0.2,5.0,bow,lda,True,8.0
huger-bice,"Oct 16, 2023",32259.0,0.3047588467597961,2.4224911959965123,3932.469998252696,,0.5244998633599905,-7.979375806447836,42.0,sample_train,test,lemma_w_stpwrd,0.2,,True,True,bigram,True,bert-base-uncased,hierarchical,4.0,0.2,5.0,bow,lda,True,6.0
handy-dams,"Oct 16, 2023",32259.0,0.3047588467597961,2.4224911959965123,3932.469998252696,,0.5435346847869255,-7.909764776435207,42.0,sample_train,test,lemma_w_stpwrd,0.2,,True,True,bigram,True,bert-base-uncased,hierarchical,4.0,0.2,5.0,bow,lda,True,4.0
naive-orcs,"Oct 16, 2023",32259.0,0.0347189381718635,2.9638779286461725,2128.698901008915,,0.5455790393582104,-7.843867750631093,42.0,sample_train,test,lemma_w_stpwrd,0.2,,True,True,bigram,True,bert-base-uncased,hierarchical,4.0,0.2,5.0,bow,lda,True,2.0
pesky-moms,"Oct 16, 2023",32259.0,0.3047588467597961,2.4224911959965123,3932.469998252696,,0.3775324780906037,,42.0,sample_train,test,lemma_w_stpwrd,0.2,,True,True,bigram,True,bert-base-uncased,hierarchical,3.0,0.2,5.0,tfidf,nmf,True,10.0
aural-mako,"Oct 16, 2023",32259.0,0.3047588467597961,2.4224911959965123,3932.469998252696,,0.3694765240448194,,42.0,sample_train,test,lemma_w_stpwrd,0.2,,True,True,bigram,True,bert-base-uncased,hierarchical,3.0,0.2,5.0,tfidf,nmf,True,8.0
japan-doit,"Oct 16, 2023",32259.0,0.3047588467597961,2.4224911959965123,3932.469998252696,,0.3677399309792931,,42.0,sample_train,test,lemma_w_stpwrd,0.2,,True,True,bigram,True,bert-base-uncased,hierarchical,3.0,0.2,5.0,tfidf,nmf,True,6.0
metal-gaur,"Oct 16, 2023",32259.0,0.3047588467597961,2.4224911959965123,3932.469998252696,,0.3750331183205946,,42.0,sample_train,test,lemma_w_stpwrd,0.2,,True,True,bigram,True,bert-base-uncased,hierarchical,3.0,0.2,5.0,tfidf,nmf,True,4.0
rapid-suqs,"Oct 16, 2023",32259.0,0.3047588467597961,2.4224911959965123,3932.469998252696,,0.3919084812073689,,42.0,sample_train,test,lemma_w_stpwrd,0.2,,True,True,bigram,True,bert-base-uncased,hierarchical,3.0,0.2,5.0,tfidf,nmf,True,2.0
mangy-flus,"Oct 16, 2023",32259.0,0.3047588467597961,2.4224911959965123,3932.469998252696,,0.5438080390285537,-13.674822177486154,42.0,sample_train,test,lemma_w_stpwrd,0.2,,True,True,bigram,True,bert-base-uncased,hierarchical,3.0,0.2,5.0,tfidf,lda,True,10.0
burly-chum,"Oct 16, 2023",32259.0,0.3047588467597961,2.4224911959965123,3932.469998252696,,0.5104721800379773,-12.627033836729382,42.0,sample_train,test,lemma_w_stpwrd,0.2,,True,True,bigram,True,bert-base-uncased,hierarchical,3.0,0.2,5.0,tfidf,lda,True,8.0
sixty-ally,"Oct 16, 2023",32259.0,0.3047588467597961,2.4224911959965123,3932.469998252696,,0.4728691447010874,-11.84716991324016,42.0,sample_train,test,lemma_w_stpwrd,0.2,,True,True,bigram,True,bert-base-uncased,hierarchical,3.0,0.2,5.0,tfidf,lda,True,6.0
dusty-fids,"Oct 16, 2023",32259.0,0.3047588467597961,2.4224911959965123,3932.469998252696,,0.4413104121085519,-11.29453132044105,42.0,sample_train,test,lemma_w_stpwrd,0.2,,True,True,bigram,True,bert-base-uncased,hierarchical,3.0,0.2,5.0,tfidf,lda,True,4.0
reedy-afro,"Oct 16, 2023",32259.0,0.3047588467597961,2.4224911959965123,3932.469998252696,,0.3990785417763183,-10.73642554647463,42.0,sample_train,test,lemma_w_stpwrd,0.2,,True,True,bigram,True,bert-base-uncased,hierarchical,3.0,0.2,5.0,tfidf,lda,True,2.0
local-kine,"Oct 16, 2023",32259.0,0.3047588467597961,2.4224911959965123,3932.469998252696,,0.4490711495877339,,42.0,sample_train,test,lemma_w_stpwrd,0.2,,True,True,bigram,True,bert-base-uncased,hierarchical,3.0,0.2,5.0,bow,nmf,True,10.0
malar-lame,"Oct 16, 2023",32259.0,0.3047588467597961,2.4224911959965123,3932.469998252696,,0.4673004303531643,,42.0,sample_train,test,lemma_w_stpwrd,0.2,,True,True,bigram,True,bert-base-uncased,hierarchical,3.0,0.2,5.0,bow,nmf,True,8.0
quiet-tils,"Oct 16, 2023",32259.0,0.3047588467597961,2.4224911959965123,3932.469998252696,,0.4683371619390145,,42.0,sample_train,test,lemma_w_stpwrd,0.2,,True,True,bigram,True,bert-base-uncased,hierarchical,3.0,0.2,5.0,bow,nmf,True,6.0
spent-kana,"Oct 16, 2023",32259.0,0.3047588467597961,2.4224911959965123,3932.469998252696,,0.4861022620128585,,42.0,sample_train,test,lemma_w_stpwrd,0.2,,True,True,bigram,True,bert-base-uncased,hierarchical,3.0,0.2,5.0,bow,nmf,True,4.0
beaky-kago,"Oct 16, 2023",32259.0,0.3047588467597961,2.4224911959965123,3932.469998252696,,0.4856630115591609,,42.0,sample_train,test,lemma_w_stpwrd,0.2,,True,True,bigram,True,bert-base-uncased,hierarchical,3.0,0.2,5.0,bow,nmf,True,2.0
minim-ruby,"Oct 16, 2023",32259.0,0.3047588467597961,2.4224911959965123,3932.469998252696,,0.4542536240264542,-8.219176256399507,42.0,sample_train,test,lemma_w_stpwrd,0.2,,True,True,bigram,True,bert-base-uncased,hierarchical,3.0,0.2,5.0,bow,lda,True,10.0
varus-alga,"Oct 16, 2023",32259.0,0.3047588467597961,2.4224911959965123,3932.469998252696,,0.4596208734662245,-7.918596121776123,42.0,sample_train,test,lemma_w_stpwrd,0.2,,True,True,bigram,True,bert-base-uncased,hierarchical,3.0,0.2,5.0,bow,lda,True,8.0
fusil-lava,"Oct 16, 2023",32259.0,0.3047588467597961,2.4224911959965123,3932.469998252696,,0.4701023055222956,-7.690929875512519,42.0,sample_train,test,lemma_w_stpwrd,0.2,,True,True,bigram,True,bert-base-uncased,hierarchical,3.0,0.2,5.0,bow,lda,True,6.0
deism-tire,"Oct 16, 2023",32259.0,0.3047588467597961,2.4224911959965123,3932.469998252696,,0.4875806808865457,-7.585151386518242,42.0,sample_train,test,lemma_w_stpwrd,0.2,,True,True,bigram,True,bert-base-uncased,hierarchical,3.0,0.2,5.0,bow,lda,True,4.0
parky-yeuk,"Oct 16, 2023",32259.0,0.0277955159544944,2.99621896336334,2403.3338965171924,,0.4983227346662378,-7.532631260005504,42.0,sample_train,test,lemma_w_stpwrd,0.2,,True,True,bigram,True,bert-base-uncased,hierarchical,3.0,0.2,5.0,bow,lda,True,2.0
naggy-amyl,"Oct 16, 2023",32259.0,0.3047588467597961,2.4224911959965123,3932.469998252696,,0.4095898715675823,,42.0,sample_train,test,lemma_w_stpwrd,0.2,,True,True,bigram,True,bert-base-uncased,hierarchical,2.0,0.2,5.0,tfidf,nmf,True,10.0
losel-soya,"Oct 16, 2023",32259.0,0.3047588467597961,2.4224911959965123,3932.469998252696,,0.3937250092247492,,42.0,sample_train,test,lemma_w_stpwrd,0.2,,True,True,bigram,True,bert-base-uncased,hierarchical,2.0,0.2,5.0,tfidf,nmf,True,8.0
mined-zhos,"Oct 16, 2023",32259.0,0.3047588467597961,2.4224911959965123,3932.469998252696,,0.3996983747934058,,42.0,sample_train,test,lemma_w_stpwrd,0.2,,True,True,bigram,True,bert-base-uncased,hierarchical,2.0,0.2,5.0,tfidf,nmf,True,6.0
beery-belt,"Oct 16, 2023",32259.0,0.3047588467597961,2.4224911959965123,3932.469998252696,,0.3963054824703246,,42.0,sample_train,test,lemma_w_stpwrd,0.2,,True,True,bigram,True,bert-base-uncased,hierarchical,2.0,0.2,5.0,tfidf,nmf,True,4.0
fetid-chat,"Oct 16, 2023",32259.0,0.3047588467597961,2.4224911959965123,3932.469998252696,,0.4063221696297163,,42.0,sample_train,test,lemma_w_stpwrd,0.2,,True,True,bigram,True,bert-base-uncased,hierarchical,2.0,0.2,5.0,tfidf,nmf,True,2.0
typal-shoe,"Oct 16, 2023",32259.0,0.3047588467597961,2.4224911959965123,3932.469998252696,,0.5088182284162013,-13.728209745942683,42.0,sample_train,test,lemma_w_stpwrd,0.2,,True,True,bigram,True,bert-base-uncased,hierarchical,2.0,0.2,5.0,tfidf,lda,True,10.0
muted-yeuk,"Oct 16, 2023",32259.0,0.3047588467597961,2.4224911959965123,3932.469998252696,,0.5105657500880492,-12.694784104460982,42.0,sample_train,test,lemma_w_stpwrd,0.2,,True,True,bigram,True,bert-base-uncased,hierarchical,2.0,0.2,5.0,tfidf,lda,True,8.0
ahead-wide,"Oct 16, 2023",32259.0,0.3047588467597961,2.4224911959965123,3932.469998252696,,0.5198770551051658,-11.851241592198171,42.0,sample_train,test,lemma_w_stpwrd,0.2,,True,True,bigram,True,bert-base-uncased,hierarchical,2.0,0.2,5.0,tfidf,lda,True,6.0
proxy-worm,"Oct 16, 2023",32259.0,0.3047588467597961,2.4224911959965123,3932.469998252696,,0.4647116311294559,-11.328099889122823,42.0,sample_train,test,lemma_w_stpwrd,0.2,,True,True,bigram,True,bert-base-uncased,hierarchical,2.0,0.2,5.0,tfidf,lda,True,4.0
pious-plow,"Oct 16, 2023",32259.0,0.3047588467597961,2.4224911959965123,3932.469998252696,,0.40721621896073,-10.739761811144168,42.0,sample_train,test,lemma_w_stpwrd,0.2,,True,True,bigram,True,bert-base-uncased,hierarchical,2.0,0.2,5.0,tfidf,lda,True,2.0
garni-mush,"Oct 16, 2023",32259.0,0.3047588467597961,2.4224911959965123,3932.469998252696,,0.5007162626218744,,42.0,sample_train,test,lemma_w_stpwrd,0.2,,True,True,bigram,True,bert-base-uncased,hierarchical,2.0,0.2,5.0,bow,nmf,True,10.0
huger-sled,"Oct 16, 2023",32259.0,0.3047588467597961,2.4224911959965123,3932.469998252696,,0.5242606009693497,,42.0,sample_train,test,lemma_w_stpwrd,0.2,,True,True,bigram,True,bert-base-uncased,hierarchical,2.0,0.2,5.0,bow,nmf,True,8.0
acred-gale,"Oct 16, 2023",32259.0,0.3047588467597961,2.4224911959965123,3932.469998252696,,0.5223188020504607,,42.0,sample_train,test,lemma_w_stpwrd,0.2,,True,True,bigram,True,bert-base-uncased,hierarchical,2.0,0.2,5.0,bow,nmf,True,6.0
rocky-puke,"Oct 16, 2023",32259.0,0.3047588467597961,2.4224911959965123,3932.469998252696,,0.5397563644978273,,42.0,sample_train,test,lemma_w_stpwrd,0.2,,True,True,bigram,True,bert-base-uncased,hierarchical,2.0,0.2,5.0,bow,nmf,True,4.0
hardy-rial,"Oct 16, 2023",32259.0,0.3047588467597961,2.4224911959965123,3932.469998252696,,0.5432598396800831,,42.0,sample_train,test,lemma_w_stpwrd,0.2,,True,True,bigram,True,bert-base-uncased,hierarchical,2.0,0.2,5.0,bow,nmf,True,2.0
scald-code,"Oct 16, 2023",32259.0,0.3047588467597961,2.4224911959965123,3932.469998252696,,0.5493628713799673,-8.338860288869023,42.0,sample_train,test,lemma_w_stpwrd,0.2,,True,True,bigram,True,bert-base-uncased,hierarchical,2.0,0.2,5.0,bow,lda,True,10.0
biped-agio,"Oct 16, 2023",32259.0,0.3047588467597961,2.4224911959965123,3932.469998252696,,0.5325448448658223,-7.995727578219656,42.0,sample_train,test,lemma_w_stpwrd,0.2,,True,True,bigram,True,bert-base-uncased,hierarchical,2.0,0.2,5.0,bow,lda,True,8.0
bally-umbo,"Oct 16, 2023",32259.0,0.3047588467597961,2.4224911959965123,3932.469998252696,,0.5154961702893368,-7.7648517153101775,42.0,sample_train,test,lemma_w_stpwrd,0.2,,True,True,bigram,True,bert-base-uncased,hierarchical,2.0,0.2,5.0,bow,lda,True,6.0
mined-quad,"Oct 16, 2023",32259.0,0.3047588467597961,2.4224911959965123,3932.469998252696,,0.5400154953139036,-7.662948378625744,42.0,sample_train,test,lemma_w_stpwrd,0.2,,True,True,bigram,True,bert-base-uncased,hierarchical,2.0,0.2,5.0,bow,lda,True,4.0
biped-abbs,"Oct 16, 2023",32259.0,0.3279466331005096,2.589328925220121,3344.442241113663,,0.5576305744128713,-7.60266125289146,42.0,sample_train,test,lemma_w_stpwrd,0.2,,True,True,bigram,True,bert-base-uncased,hierarchical,2.0,0.2,5.0,bow,lda,True,2.0
briny-slaw,"Oct 16, 2023",32259.0,0.3047588467597961,2.4224911959965123,3932.469998252696,,0.4356879218601854,,42.0,sample_train,test,lemma_w_stpwrd,0.2,,True,True,bigram,True,bert-base-uncased,kmeans,5.0,0.2,5.0,tfidf,nmf,True,10.0
funky-molt,"Oct 16, 2023",32259.0,0.3047588467597961,2.4224911959965123,3932.469998252696,,0.4299343404213313,,42.0,sample_train,test,lemma_w_stpwrd,0.2,,True,True,bigram,True,bert-base-uncased,kmeans,5.0,0.2,5.0,tfidf,nmf,True,8.0
alone-souk,"Oct 16, 2023",32259.0,0.3047588467597961,2.4224911959965123,3932.469998252696,,0.4479198179232438,,42.0,sample_train,test,lemma_w_stpwrd,0.2,,True,True,bigram,True,bert-base-uncased,kmeans,5.0,0.2,5.0,tfidf,nmf,True,6.0
loose-orle,"Oct 16, 2023",32259.0,0.3047588467597961,2.4224911959965123,3932.469998252696,,0.4543099028278241,,42.0,sample_train,test,lemma_w_stpwrd,0.2,,True,True,bigram,True,bert-base-uncased,kmeans,5.0,0.2,5.0,tfidf,nmf,True,4.0
roman-expo,"Oct 16, 2023",32259.0,0.3047588467597961,2.4224911959965123,3932.469998252696,,0.4539863651716931,,42.0,sample_train,test,lemma_w_stpwrd,0.2,,True,True,bigram,True,bert-base-uncased,kmeans,5.0,0.2,5.0,tfidf,nmf,True,2.0
tumid-myth,"Oct 16, 2023",32259.0,0.3047588467597961,2.4224911959965123,3932.469998252696,,0.5887976153276471,-13.690421880040756,42.0,sample_train,test,lemma_w_stpwrd,0.2,,True,True,bigram,True,bert-base-uncased,kmeans,5.0,0.2,5.0,tfidf,lda,True,10.0
fixed-kick,"Oct 16, 2023",32259.0,0.3047588467597961,2.4224911959965123,3932.469998252696,,0.572651127255609,-12.840871356012622,42.0,sample_train,test,lemma_w_stpwrd,0.2,,True,True,bigram,True,bert-base-uncased,kmeans,5.0,0.2,5.0,tfidf,lda,True,8.0
dotty-odor,"Oct 16, 2023",32259.0,0.3047588467597961,2.4224911959965123,3932.469998252696,,0.4998588562769336,-12.20835053001102,42.0,sample_train,test,lemma_w_stpwrd,0.2,,True,True,bigram,True,bert-base-uncased,kmeans,5.0,0.2,5.0,tfidf,lda,True,6.0
silky-tuck,"Oct 16, 2023",32259.0,0.3047588467597961,2.4224911959965123,3932.469998252696,,0.4802625582898361,-11.65277987069292,42.0,sample_train,test,lemma_w_stpwrd,0.2,,True,True,bigram,True,bert-base-uncased,kmeans,5.0,0.2,5.0,tfidf,lda,True,4.0
eager-kail,"Oct 16, 2023",32259.0,0.3047588467597961,2.4224911959965123,3932.469998252696,,0.4667424806674319,-11.022813057894608,42.0,sample_train,test,lemma_w_stpwrd,0.2,,True,True,bigram,True,bert-base-uncased,kmeans,5.0,0.2,5.0,tfidf,lda,True,2.0
funny-dona,"Oct 16, 2023",32259.0,0.3047588467597961,2.4224911959965123,3932.469998252696,,0.4443720419864146,,42.0,sample_train,test,lemma_w_stpwrd,0.2,,True,True,bigram,True,bert-base-uncased,kmeans,5.0,0.2,5.0,bow,nmf,True,10.0
acred-rotl,"Oct 16, 2023",32259.0,0.3047588467597961,2.4224911959965123,3932.469998252696,,0.4456709943942561,,42.0,sample_train,test,lemma_w_stpwrd,0.2,,True,True,bigram,True,bert-base-uncased,kmeans,5.0,0.2,5.0,bow,nmf,True,8.0
optic-taus,"Oct 16, 2023",32259.0,0.3047588467597961,2.4224911959965123,3932.469998252696,,0.4380900964373909,,42.0,sample_train,test,lemma_w_stpwrd,0.2,,True,True,bigram,True,bert-base-uncased,kmeans,5.0,0.2,5.0,bow,nmf,True,6.0
mardy-gaol,"Oct 16, 2023",32259.0,0.3047588467597961,2.4224911959965123,3932.469998252696,,0.4562962814622424,,42.0,sample_train,test,lemma_w_stpwrd,0.2,,True,True,bigram,True,bert-base-uncased,kmeans,5.0,0.2,5.0,bow,nmf,True,4.0
tubby-whey,"Oct 16, 2023",32259.0,0.3047588467597961,2.4224911959965123,3932.469998252696,,0.4545135853006585,,42.0,sample_train,test,lemma_w_stpwrd,0.2,,True,True,bigram,True,bert-base-uncased,kmeans,5.0,0.2,5.0,bow,nmf,True,2.0
handy-pice,"Oct 16, 2023",32259.0,0.3047588467597961,2.4224911959965123,3932.469998252696,,0.4431654772003468,-8.676685100318128,42.0,sample_train,test,lemma_w_stpwrd,0.2,,True,True,bigram,True,bert-base-uncased,kmeans,5.0,0.2,5.0,bow,lda,True,10.0
brute-yews,"Oct 16, 2023",32259.0,0.3047588467597961,2.4224911959965123,3932.469998252696,,0.4474839721094154,-8.453636188280655,42.0,sample_train,test,lemma_w_stpwrd,0.2,,True,True,bigram,True,bert-base-uncased,kmeans,5.0,0.2,5.0,bow,lda,True,8.0
jerky-vacs,"Oct 16, 2023",32259.0,0.3047588467597961,2.4224911959965123,3932.469998252696,,0.4554897516859379,-8.285629300163668,42.0,sample_train,test,lemma_w_stpwrd,0.2,,True,True,bigram,True,bert-base-uncased,kmeans,5.0,0.2,5.0,bow,lda,True,6.0
pavid-runs,"Oct 16, 2023",32259.0,0.3047588467597961,2.4224911959965123,3932.469998252696,,0.4746312980040693,-8.189782520900907,42.0,sample_train,test,lemma_w_stpwrd,0.2,,True,True,bigram,True,bert-base-uncased,kmeans,5.0,0.2,5.0,bow,lda,True,4.0
piney-mome,"Oct 16, 2023",32259.0,0.0563257001340389,2.4790617549309992,2393.20146947069,,0.4691480518263778,-8.122853877045642,42.0,sample_train,test,lemma_w_stpwrd,0.2,,True,True,bigram,True,bert-base-uncased,kmeans,5.0,0.2,5.0,bow,lda,True,2.0
pavid-jill,"Oct 16, 2023",32259.0,0.3047588467597961,2.4224911959965123,3932.469998252696,,0.4179068925239115,,42.0,sample_train,test,lemma_w_stpwrd,0.2,,True,True,bigram,True,bert-base-uncased,kmeans,4.0,0.2,5.0,tfidf,nmf,True,10.0
silky-lick,"Oct 16, 2023",32259.0,0.3047588467597961,2.4224911959965123,3932.469998252696,,0.3879438729598844,,42.0,sample_train,test,lemma_w_stpwrd,0.2,,True,True,bigram,True,bert-base-uncased,kmeans,4.0,0.2,5.0,tfidf,nmf,True,8.0
leaky-cors,"Oct 16, 2023",32259.0,0.3047588467597961,2.4224911959965123,3932.469998252696,,0.3899235238145417,,42.0,sample_train,test,lemma_w_stpwrd,0.2,,True,True,bigram,True,bert-base-uncased,kmeans,4.0,0.2,5.0,tfidf,nmf,True,6.0
cered-gnat,"Oct 16, 2023",32259.0,0.3047588467597961,2.4224911959965123,3932.469998252696,,0.3886675505380552,,42.0,sample_train,test,lemma_w_stpwrd,0.2,,True,True,bigram,True,bert-base-uncased,kmeans,4.0,0.2,5.0,tfidf,nmf,True,4.0
ridgy-rial,"Oct 16, 2023",32259.0,0.3047588467597961,2.4224911959965123,3932.469998252696,,0.4084064207557547,,42.0,sample_train,test,lemma_w_stpwrd,0.2,,True,True,bigram,True,bert-base-uncased,kmeans,4.0,0.2,5.0,tfidf,nmf,True,2.0
dotal-want,"Oct 16, 2023",32259.0,0.3047588467597961,2.4224911959965123,3932.469998252696,,0.5431351917209447,-13.732244377530131,42.0,sample_train,test,lemma_w_stpwrd,0.2,,True,True,bigram,True,bert-base-uncased,kmeans,4.0,0.2,5.0,tfidf,lda,True,10.0
phony-rins,"Oct 16, 2023",32259.0,0.3047588467597961,2.4224911959965123,3932.469998252696,,0.5324200319747117,-12.90024759414551,42.0,sample_train,test,lemma_w_stpwrd,0.2,,True,True,bigram,True,bert-base-uncased,kmeans,4.0,0.2,5.0,tfidf,lda,True,8.0
curst-pice,"Oct 16, 2023",32259.0,0.3047588467597961,2.4224911959965123,3932.469998252696,,0.5092199146063612,-12.191982108755314,42.0,sample_train,test,lemma_w_stpwrd,0.2,,True,True,bigram,True,bert-base-uncased,kmeans,4.0,0.2,5.0,tfidf,lda,True,6.0
beady-knit,"Oct 16, 2023",32259.0,0.3047588467597961,2.4224911959965123,3932.469998252696,,0.3923349248806326,-11.61899668310344,42.0,sample_train,test,lemma_w_stpwrd,0.2,,True,True,bigram,True,bert-base-uncased,kmeans,4.0,0.2,5.0,tfidf,lda,True,4.0
butch-yell,"Oct 16, 2023",32259.0,0.3047588467597961,2.4224911959965123,3932.469998252696,,0.3846136721637733,-11.021968137537083,42.0,sample_train,test,lemma_w_stpwrd,0.2,,True,True,bigram,True,bert-base-uncased,kmeans,4.0,0.2,5.0,tfidf,lda,True,2.0
barky-craw,"Oct 16, 2023",32259.0,0.3047588467597961,2.4224911959965123,3932.469998252696,,0.482348449714765,,42.0,sample_train,test,lemma_w_stpwrd,0.2,,True,True,bigram,True,bert-base-uncased,kmeans,4.0,0.2,5.0,bow,nmf,True,10.0
sport-odor,"Oct 16, 2023",32259.0,0.3047588467597961,2.4224911959965123,3932.469998252696,,0.4911816118499204,,42.0,sample_train,test,lemma_w_stpwrd,0.2,,True,True,bigram,True,bert-base-uncased,kmeans,4.0,0.2,5.0,bow,nmf,True,8.0
woods-knap,"Oct 16, 2023",32259.0,0.3047588467597961,2.4224911959965123,3932.469998252696,,0.5095068590903166,,42.0,sample_train,test,lemma_w_stpwrd,0.2,,True,True,bigram,True,bert-base-uncased,kmeans,4.0,0.2,5.0,bow,nmf,True,6.0
shier-drop,"Oct 16, 2023",32259.0,0.3047588467597961,2.4224911959965123,3932.469998252696,,0.5249010110982062,,42.0,sample_train,test,lemma_w_stpwrd,0.2,,True,True,bigram,True,bert-base-uncased,kmeans,4.0,0.2,5.0,bow,nmf,True,4.0
oaken-dona,"Oct 16, 2023",32259.0,0.3047588467597961,2.4224911959965123,3932.469998252696,,0.5376520287777973,,42.0,sample_train,test,lemma_w_stpwrd,0.2,,True,True,bigram,True,bert-base-uncased,kmeans,4.0,0.2,5.0,bow,nmf,True,2.0
peaky-neck,"Oct 16, 2023",32259.0,0.3047588467597961,2.4224911959965123,3932.469998252696,,0.4944613106698203,-8.445859105750616,42.0,sample_train,test,lemma_w_stpwrd,0.2,,True,True,bigram,True,bert-base-uncased,kmeans,4.0,0.2,5.0,bow,lda,True,10.0
gypsy-poof,"Oct 16, 2023",32259.0,0.3047588467597961,2.4224911959965123,3932.469998252696,,0.5085341039969125,-8.239464926561594,42.0,sample_train,test,lemma_w_stpwrd,0.2,,True,True,bigram,True,bert-base-uncased,kmeans,4.0,0.2,5.0,bow,lda,True,8.0
hilly-name,"Oct 16, 2023",32259.0,0.3047588467597961,2.4224911959965123,3932.469998252696,,0.5093112780987432,-8.078514728067892,42.0,sample_train,test,lemma_w_stpwrd,0.2,,True,True,bigram,True,bert-base-uncased,kmeans,4.0,0.2,5.0,bow,lda,True,6.0
robed-dita,"Oct 16, 2023",32259.0,0.3047588467597961,2.4224911959965123,3932.469998252696,,0.532618305694345,-8.000943501242654,42.0,sample_train,test,lemma_w_stpwrd,0.2,,True,True,bigram,True,bert-base-uncased,kmeans,4.0,0.2,5.0,bow,lda,True,4.0
aural-tyne,"Oct 16, 2023",32259.0,0.0598518550395965,2.6890172555953145,2625.081088341858,,0.5396123177831911,-7.9314045018978,42.0,sample_train,test,lemma_w_stpwrd,0.2,,True,True,bigram,True,bert-base-uncased,kmeans,4.0,0.2,5.0,bow,lda,True,2.0
genic-wino,"Oct 16, 2023",32259.0,0.3047588467597961,2.4224911959965123,3932.469998252696,,0.4102780037557179,,42.0,sample_train,test,lemma_w_stpwrd,0.2,,True,True,bigram,True,bert-base-uncased,kmeans,3.0,0.2,5.0,tfidf,nmf,True,10.0
sport-aged,"Oct 16, 2023",32259.0,0.3047588467597961,2.4224911959965123,3932.469998252696,,0.3890087129339402,,42.0,sample_train,test,lemma_w_stpwrd,0.2,,True,True,bigram,True,bert-base-uncased,kmeans,3.0,0.2,5.0,tfidf,nmf,True,8.0
plump-tarp,"Oct 16, 2023",32259.0,0.3047588467597961,2.4224911959965123,3932.469998252696,,0.3789006862824762,,42.0,sample_train,test,lemma_w_stpwrd,0.2,,True,True,bigram,True,bert-base-uncased,kmeans,3.0,0.2,5.0,tfidf,nmf,True,6.0
ahead-cook,"Oct 16, 2023",32259.0,0.3047588467597961,2.4224911959965123,3932.469998252696,,0.3788805341762687,,42.0,sample_train,test,lemma_w_stpwrd,0.2,,True,True,bigram,True,bert-base-uncased,kmeans,3.0,0.2,5.0,tfidf,nmf,True,4.0
shock-bean,"Oct 16, 2023",32259.0,0.3047588467597961,2.4224911959965123,3932.469998252696,,0.3815338309133072,,42.0,sample_train,test,lemma_w_stpwrd,0.2,,True,True,bigram,True,bert-base-uncased,kmeans,3.0,0.2,5.0,tfidf,nmf,True,2.0
quasi-sand,"Oct 16, 2023",32259.0,0.3047588467597961,2.4224911959965123,3932.469998252696,,0.5625861171262049,-13.756943490730151,42.0,sample_train,test,lemma_w_stpwrd,0.2,,True,True,bigram,True,bert-base-uncased,kmeans,3.0,0.2,5.0,tfidf,lda,True,10.0
chary-flus,"Oct 16, 2023",32259.0,0.3047588467597961,2.4224911959965123,3932.469998252696,,0.5753946243997338,-12.70954547824851,42.0,sample_train,test,lemma_w_stpwrd,0.2,,True,True,bigram,True,bert-base-uncased,kmeans,3.0,0.2,5.0,tfidf,lda,True,8.0
elite-mats,"Oct 16, 2023",32259.0,0.3047588467597961,2.4224911959965123,3932.469998252696,,0.5465890650880907,-11.98604924646415,42.0,sample_train,test,lemma_w_stpwrd,0.2,,True,True,bigram,True,bert-base-uncased,kmeans,3.0,0.2,5.0,tfidf,lda,True,6.0
wiser-feds,"Oct 16, 2023",32259.0,0.3047588467597961,2.4224911959965123,3932.469998252696,,0.4325525678948721,-11.402403656744356,42.0,sample_train,test,lemma_w_stpwrd,0.2,,True,True,bigram,True,bert-base-uncased,kmeans,3.0,0.2,5.0,tfidf,lda,True,4.0
sharp-syce,"Oct 16, 2023",32259.0,0.3047588467597961,2.4224911959965123,3932.469998252696,,0.4046781579588992,-10.852655806649905,42.0,sample_train,test,lemma_w_stpwrd,0.2,,True,True,bigram,True,bert-base-uncased,kmeans,3.0,0.2,5.0,tfidf,lda,True,2.0
tonal-cuds,"Oct 16, 2023",32259.0,0.3047588467597961,2.4224911959965123,3932.469998252696,,0.4650195127755212,,42.0,sample_train,test,lemma_w_stpwrd,0.2,,True,True,bigram,True,bert-base-uncased,kmeans,3.0,0.2,5.0,bow,nmf,True,10.0
ochre-tale,"Oct 16, 2023",32259.0,0.3047588467597961,2.4224911959965123,3932.469998252696,,0.4786401142491042,,42.0,sample_train,test,lemma_w_stpwrd,0.2,,True,True,bigram,True,bert-base-uncased,kmeans,3.0,0.2,5.0,bow,nmf,True,8.0
cruel-taal,"Oct 16, 2023",32259.0,0.3047588467597961,2.4224911959965123,3932.469998252696,,0.4846663863887704,,42.0,sample_train,test,lemma_w_stpwrd,0.2,,True,True,bigram,True,bert-base-uncased,kmeans,3.0,0.2,5.0,bow,nmf,True,6.0
upper-vacs,"Oct 16, 2023",32259.0,0.3047588467597961,2.4224911959965123,3932.469998252696,,0.5017312807185688,,42.0,sample_train,test,lemma_w_stpwrd,0.2,,True,True,bigram,True,bert-base-uncased,kmeans,3.0,0.2,5.0,bow,nmf,True,4.0
faery-thar,"Oct 16, 2023",32259.0,0.3047588467597961,2.4224911959965123,3932.469998252696,,0.5073757896768342,,42.0,sample_train,test,lemma_w_stpwrd,0.2,,True,True,bigram,True,bert-base-uncased,kmeans,3.0,0.2,5.0,bow,nmf,True,2.0
deism-lore,"Oct 16, 2023",32259.0,0.3047588467597961,2.4224911959965123,3932.469998252696,,0.4628013434330857,-8.396513975652127,42.0,sample_train,test,lemma_w_stpwrd,0.2,,True,True,bigram,True,bert-base-uncased,kmeans,3.0,0.2,5.0,bow,lda,True,10.0
crumb-wain,"Oct 16, 2023",32259.0,0.3047588467597961,2.4224911959965123,3932.469998252696,,0.4761512255906283,-8.11585432875343,42.0,sample_train,test,lemma_w_stpwrd,0.2,,True,True,bigram,True,bert-base-uncased,kmeans,3.0,0.2,5.0,bow,lda,True,8.0
silly-dart,"Oct 16, 2023",32259.0,0.3047588467597961,2.4224911959965123,3932.469998252696,,0.4725656586623085,-7.913446888397295,42.0,sample_train,test,lemma_w_stpwrd,0.2,,True,True,bigram,True,bert-base-uncased,kmeans,3.0,0.2,5.0,bow,lda,True,6.0
major-funs,"Oct 16, 2023",32259.0,0.3047588467597961,2.4224911959965123,3932.469998252696,,0.5090743610285041,-7.82318219728252,42.0,sample_train,test,lemma_w_stpwrd,0.2,,True,True,bigram,True,bert-base-uncased,kmeans,3.0,0.2,5.0,bow,lda,True,4.0
crank-odor,"Oct 16, 2023",32259.0,0.072360910475254,2.5833290696497464,3020.0753045494966,,0.5215077411638201,-7.758213329514469,42.0,sample_train,test,lemma_w_stpwrd,0.2,,True,True,bigram,True,bert-base-uncased,kmeans,3.0,0.2,5.0,bow,lda,True,2.0
dormy-fish,"Oct 16, 2023",32259.0,0.3047588467597961,2.4224911959965123,3932.469998252696,,0.3943791425999421,,42.0,sample_train,test,lemma_w_stpwrd,0.2,,True,True,bigram,True,bert-base-uncased,kmeans,2.0,0.2,5.0,tfidf,nmf,True,10.0
gusty-bott,"Oct 16, 2023",32259.0,0.3047588467597961,2.4224911959965123,3932.469998252696,,0.3887431013934477,,42.0,sample_train,test,lemma_w_stpwrd,0.2,,True,True,bigram,True,bert-base-uncased,kmeans,2.0,0.2,5.0,tfidf,nmf,True,8.0
bawdy-whey,"Oct 16, 2023",32259.0,0.3047588467597961,2.4224911959965123,3932.469998252696,,0.4115576233958442,,42.0,sample_train,test,lemma_w_stpwrd,0.2,,True,True,bigram,True,bert-base-uncased,kmeans,2.0,0.2,5.0,tfidf,nmf,True,6.0
compo-zigs,"Oct 16, 2023",32259.0,0.3047588467597961,2.4224911959965123,3932.469998252696,,0.38958644912321,,42.0,sample_train,test,lemma_w_stpwrd,0.2,,True,True,bigram,True,bert-base-uncased,kmeans,2.0,0.2,5.0,tfidf,nmf,True,4.0
final-snap,"Oct 16, 2023",32259.0,0.3047588467597961,2.4224911959965123,3932.469998252696,,0.4321761023407467,,42.0,sample_train,test,lemma_w_stpwrd,0.2,,True,True,bigram,True,bert-base-uncased,kmeans,2.0,0.2,5.0,tfidf,nmf,True,2.0
girly-heel,"Oct 16, 2023",32259.0,0.3047588467597961,2.4224911959965123,3932.469998252696,,0.594535023222189,-13.788466016298294,42.0,sample_train,test,lemma_w_stpwrd,0.2,,True,True,bigram,True,bert-base-uncased,kmeans,2.0,0.2,5.0,tfidf,lda,True,10.0
prone-heir,"Oct 16, 2023",32259.0,0.3047588467597961,2.4224911959965123,3932.469998252696,,0.6207327116401042,-12.695239477377788,42.0,sample_train,test,lemma_w_stpwrd,0.2,,True,True,bigram,True,bert-base-uncased,kmeans,2.0,0.2,5.0,tfidf,lda,True,8.0
areal-froe,"Oct 16, 2023",32259.0,0.3047588467597961,2.4224911959965123,3932.469998252696,,0.5616136584075266,-11.897070492159,42.0,sample_train,test,lemma_w_stpwrd,0.2,,True,True,bigram,True,bert-base-uncased,kmeans,2.0,0.2,5.0,tfidf,lda,True,6.0
snide-seed,"Oct 16, 2023",32259.0,0.3047588467597961,2.4224911959965123,3932.469998252696,,0.4630072629057958,-11.369688676722513,42.0,sample_train,test,lemma_w_stpwrd,0.2,,True,True,bigram,True,bert-base-uncased,kmeans,2.0,0.2,5.0,tfidf,lda,True,4.0
blunt-horn,"Oct 16, 2023",32259.0,0.3047588467597961,2.4224911959965123,3932.469998252696,,0.4417995173622682,-10.758301964201005,42.0,sample_train,test,lemma_w_stpwrd,0.2,,True,True,bigram,True,bert-base-uncased,kmeans,2.0,0.2,5.0,tfidf,lda,True,2.0
sudsy-gnat,"Oct 16, 2023",32259.0,0.3047588467597961,2.4224911959965123,3932.469998252696,,0.5033755667127937,,42.0,sample_train,test,lemma_w_stpwrd,0.2,,True,True,bigram,True,bert-base-uncased,kmeans,2.0,0.2,5.0,bow,nmf,True,10.0
tacky-goad,"Oct 16, 2023",32259.0,0.3047588467597961,2.4224911959965123,3932.469998252696,,0.5228430604686275,,42.0,sample_train,test,lemma_w_stpwrd,0.2,,True,True,bigram,True,bert-base-uncased,kmeans,2.0,0.2,5.0,bow,nmf,True,8.0
hazel-hogs,"Oct 16, 2023",32259.0,0.3047588467597961,2.4224911959965123,3932.469998252696,,0.522715975477548,,42.0,sample_train,test,lemma_w_stpwrd,0.2,,True,True,bigram,True,bert-base-uncased,kmeans,2.0,0.2,5.0,bow,nmf,True,6.0
fewer-jogs,"Oct 16, 2023",32259.0,0.3047588467597961,2.4224911959965123,3932.469998252696,,0.542726126666115,,42.0,sample_train,test,lemma_w_stpwrd,0.2,,True,True,bigram,True,bert-base-uncased,kmeans,2.0,0.2,5.0,bow,nmf,True,4.0
aulic-eyas,"Oct 16, 2023",32259.0,0.3047588467597961,2.4224911959965123,3932.469998252696,,0.5491879816819549,,42.0,sample_train,test,lemma_w_stpwrd,0.2,,True,True,bigram,True,bert-base-uncased,kmeans,2.0,0.2,5.0,bow,nmf,True,2.0
surfy-toga,"Oct 16, 2023",32259.0,0.3047588467597961,2.4224911959965123,3932.469998252696,,0.5126967016351139,-8.342622592006444,42.0,sample_train,test,lemma_w_stpwrd,0.2,,True,True,bigram,True,bert-base-uncased,kmeans,2.0,0.2,5.0,bow,lda,True,10.0
major-dele,"Oct 16, 2023",32259.0,0.3047588467597961,2.4224911959965123,3932.469998252696,,0.5116321839247677,-7.998121650758299,42.0,sample_train,test,lemma_w_stpwrd,0.2,,True,True,bigram,True,bert-base-uncased,kmeans,2.0,0.2,5.0,bow,lda,True,8.0
gyral-vase,"Oct 16, 2023",32259.0,0.3047588467597961,2.4224911959965123,3932.469998252696,,0.4803295127016709,-7.76238698680689,42.0,sample_train,test,lemma_w_stpwrd,0.2,,True,True,bigram,True,bert-base-uncased,kmeans,2.0,0.2,5.0,bow,lda,True,6.0
boric-main,"Oct 16, 2023",32259.0,0.3047588467597961,2.4224911959965123,3932.469998252696,,0.5293348594581864,-7.644499701122446,42.0,sample_train,test,lemma_w_stpwrd,0.2,,True,True,bigram,True,bert-base-uncased,kmeans,2.0,0.2,5.0,bow,lda,True,4.0
hyoid-shes,"Oct 16, 2023",32259.0,0.3047588467597961,2.4224911959965123,3932.469998252696,,0.5557890789383068,-7.580097203743493,42.0,sample_train,test,lemma_w_stpwrd,0.2,,True,True,bigram,True,bert-base-uncased,kmeans,2.0,0.2,5.0,bow,lda,True,2.0
